iip_przest;iip_identy;iip_wersja;jpt_sjr_ko;jpt_kod_je;jpt_nazwa_;jpt_nazw01;jpt_organ_;jpt_orga01;jpt_jor_id;wazny_od;wazny_do;jpt_wazna_;wersja_od;wersja_do;jpt_powier;jpt_kj_iip;jpt_kj_i01;jpt_kj_i02;jpt_kod_01;id_bufora_;id_bufor01;id_technic;jpt_opis;jpt_sps_ko;gra_ids;status_obi;opis_bledu;typ_bledu
PL.PZGIK.200;07f182b1-9146-43e5-a62d-836c211f9ff1;2012-09-27T07:36:28+02:00;POW;0226;z³otoryjski;;;NZN;0.00000000000;;;6        NZN;;2020/12/09;57581.00000000000;0000000000EGIB;0226;;;0.00000000000;13888.00000000000;0.00000000000;829314;UZG;;AKTUALNY;;
PL.PZGIK.200;c845cab0-9fbf-4123-9fc3-c70e57ad17fb;2012-09-27T07:36:28+02:00;POW;0262;Legnica;;;NZN;0.00000000000;;;6        NZN;;2020/12/09;5629.00000000000;0000000000EGIB;0262;;;0.00000000000;13888.00000000000;0.00000000000;829315;UZG;;AKTUALNY;;
PL.PZGIK.200;139e17ec-bbd6-410b-80c0-da7faea2a439;2012-09-27T07:36:28+02:00;POW;0206;jeleniogórski;;;NZN;0.00000000000;;;6        NZN;;2020/12/09;62714.00000000000;0000000000EGIB;0206;;;0.00000000000;13888.00000000000;0.00000000000;829321;UZG;;AKTUALNY;;
PL.PZGIK.200;65b5a197-3d86-401c-8cea-ea80c3b4bf7c;2012-09-27T07:36:28+02:00;POW;0204;górowski;;;NZN;0.00000000000;;;6        NZN;;2020/12/09;73827.00000000000;0000000000EGIB;0204;;;0.00000000000;13888.00000000000;0.00000000000;829320;UZG;;AKTUALNY;;
PL.PZGIK.200;258b68f9-31cb-4f37-bbdf-f1824805a0e4;2012-09-27T07:36:28+02:00;POW;0214;oleœnicki;;;NZN;0.00000000000;;;6        NZN;;2020/12/09;104931.00000000000;0000000000EGIB;0214;;;0.00000000000;13888.00000000000;0.00000000000;829331;UZG;;AKTUALNY;;
PL.PZGIK.200;275bb110-6b8f-4f24-873d-abbb862c02a6;2012-09-27T07:36:28+02:00;POW;0201;boles³awiecki;;;NZN;0.00000000000;;;6        NZN;;2020/12/09;130351.00000000000;0000000000EGIB;0201;;;0.00000000000;13888.00000000000;0.00000000000;829341;UZG;;AKTUALNY;;
PL.PZGIK.200;f874c206-4613-483b-b34d-feaa8e657dbf;2012-09-27T07:36:28+02:00;POW;0261;Jelenia Góra;;;NZN;0.00000000000;;;6        NZN;;2020/12/09;10922.00000000000;0000000000EGIB;0261;;;0.00000000000;13888.00000000000;0.00000000000;829316;UZG;;AKTUALNY;;
PL.PZGIK.200;597109f2-464f-46ec-a568-d55db9996a9a;2012-09-27T07:36:28+02:00;POW;0208;k³odzki;;;NZN;0.00000000000;;;6        NZN;;2020/12/09;164330.00000000000;0000000000EGIB;0208;;;0.00000000000;13888.00000000000;0.00000000000;829324;UZG;;AKTUALNY;;
PL.PZGIK.200;16833a82-0027-41ad-903e-f3b50b74b6fd;2012-09-27T07:36:28+02:00;POW;0210;lubañski;;;NZN;0.00000000000;;;6        NZN;;2020/12/09;42830.00000000000;0000000000EGIB;0210;;;0.00000000000;13888.00000000000;0.00000000000;829326;UZG;;AKTUALNY;;
PL.PZGIK.200;387f7282-f74e-4cad-ac49-fab6a947a1fa;2012-09-27T07:36:28+02:00;POW;0221;wa³brzyski;;;NZN;0.00000000000;;;6        NZN;;2020/12/09;43022.00000000000;0000000000EGIB;0221;;;0.00000000000;15071.00000000000;0.00000000000;1296647;UZG;;AKTUALNY;;
PL.PZGIK.200;6e4b2d8b-4559-4329-a4c9-eefdb5c5eb89;2012-09-27T07:36:28+02:00;POW;0202;dzier¿oniowski;;;NZN;0.00000000000;;;6        NZN;;2020/12/09;47851.00000000000;0000000000EGIB;0202;;;0.00000000000;13888.00000000000;0.00000000000;829318;UZG;;AKTUALNY;;
PL.PZGIK.200;a38a696f-defb-46a1-8387-a51f0009e992;2012-09-27T07:36:28+02:00;POW;0220;trzebnicki;;;NZN;0.00000000000;;;6        NZN;;2020/12/09;102478.00000000000;0000000000EGIB;0220;;;0.00000000000;13888.00000000000;0.00000000000;829336;UZG;;AKTUALNY;;
PL.PZGIK.200;f6753ea2-1749-4460-9a52-ae8524c5b67b;2012-09-27T07:36:28+02:00;POW;0203;g³ogowski;;;NZN;0.00000000000;;;6        NZN;;2020/12/09;44327.00000000000;0000000000EGIB;0203;;;0.00000000000;13888.00000000000;0.00000000000;829319;UZG;;AKTUALNY;;
PL.PZGIK.200;35e40755-7070-4ff7-bec7-b90773de500e;2013-07-12T12:58:50+02:00;POW;0265;Wa³brzych;;;NZN;0.00000000000;;;1        NZN;;;8470.00000000000;0000000000EGIB;0265;;;0.00000000000;0.00000000000;15071.00000000000;829337;UZG;;AKTUALNY;;
PL.PZGIK.200;2b31d9fc-86a8-4b09-bf78-f92e5102ac02;2012-09-27T07:36:28+02:00;POW;0222;wo³owski;;;NZN;0.00000000000;;;6        NZN;;2020/12/09;67496.00000000000;0000000000EGIB;0222;;;0.00000000000;13888.00000000000;0.00000000000;829338;UZG;;AKTUALNY;;
PL.PZGIK.200;4f25419a-a5aa-4b2f-beae-fc79c7e2eac4;2012-09-27T07:36:28+02:00;POW;0225;zgorzelecki;;;NZN;0.00000000000;;;6        NZN;;2020/12/09;83860.00000000000;0000000000EGIB;0225;;;0.00000000000;13888.00000000000;0.00000000000;829313;UZG;;AKTUALNY;;
PL.PZGIK.200;3c84e4e6-19b3-4595-b27a-f6bc2afc1c5f;2012-09-27T07:36:28+02:00;POW;0223;wroc³awski;;;NZN;0.00000000000;;;6        NZN;;2020/12/09;111770.00000000000;0000000000EGIB;0223;;;0.00000000000;13888.00000000000;0.00000000000;829339;UZG;;AKTUALNY;;
PL.PZGIK.200;b08323b4-b45c-4684-a854-f4e5f6822957;2012-09-27T07:36:28+02:00;POW;0224;z¹bkowicki;;;NZN;0.00000000000;;;6        NZN;;2020/12/09;80153.00000000000;0000000000EGIB;0224;;;0.00000000000;13888.00000000000;0.00000000000;829340;UZG;;AKTUALNY;;
PL.PZGIK.200;9d7a0ea7-4d52-4f6b-a185-c8a936064b15;2012-09-27T07:36:28+02:00;POW;0215;o³awski;;;NZN;0.00000000000;;;6        NZN;;2020/12/09;52410.00000000000;0000000000EGIB;0215;;;0.00000000000;13888.00000000000;0.00000000000;829332;UZG;;AKTUALNY;;
PL.PZGIK.200;e7cc172b-b217-44c5-aa19-8424ca9c1c03;2012-09-27T07:36:28+02:00;POW;0216;polkowicki;;;NZN;0.00000000000;;;6        NZN;;2020/12/09;77946.00000000000;0000000000EGIB;0216;;;0.00000000000;13888.00000000000;0.00000000000;829333;UZG;;AKTUALNY;;
PL.PZGIK.200;9bb7e883-7147-4712-b5b1-fa8e1aa2eb4d;2012-09-27T07:36:28+02:00;POW;0218;œredzki;;;NZN;0.00000000000;;;6        NZN;;2020/12/09;70414.00000000000;0000000000EGIB;0218;;;0.00000000000;13888.00000000000;0.00000000000;829329;UZG;;AKTUALNY;;
PL.PZGIK.200;74bb64a5-d003-46ee-8c20-d52ee6b696e1;2012-09-27T07:36:28+02:00;POW;0205;jaworski;;;NZN;0.00000000000;;;6        NZN;;2020/12/09;58155.00000000000;0000000000EGIB;0205;;;0.00000000000;13888.00000000000;0.00000000000;829322;UZG;;AKTUALNY;;
PL.PZGIK.200;c4120d3e-4c12-4f5f-be92-820c1b233691;2012-09-27T07:36:28+02:00;POW;0213;milicki;;;NZN;0.00000000000;;;6        NZN;;2020/12/09;71493.00000000000;0000000000EGIB;0213;;;0.00000000000;13888.00000000000;0.00000000000;829330;UZG;;AKTUALNY;;
PL.PZGIK.200;880dfee6-510b-4e24-be41-b5e6142832be;2012-09-27T07:36:28+02:00;POW;0207;kamiennogórski;;;NZN;0.00000000000;;;6        NZN;;2020/12/09;39569.00000000000;0000000000EGIB;0207;;;0.00000000000;13888.00000000000;0.00000000000;829323;UZG;;AKTUALNY;;
PL.PZGIK.200;57be7ce8-4911-4ce5-9ed8-f9411e89e847;2012-09-27T07:36:28+02:00;POW;0217;strzeliñski;;;NZN;0.00000000000;;;6        NZN;;2020/12/09;62206.00000000000;0000000000EGIB;0217;;;0.00000000000;13888.00000000000;0.00000000000;829334;UZG;;AKTUALNY;;
PL.PZGIK.200;60586afd-58bc-4d23-8238-bf4f4756d789;2012-09-27T07:36:28+02:00;POW;0219;œwidnicki;;;NZN;0.00000000000;;;6        NZN;;2020/12/09;74114.00000000000;0000000000EGIB;0219;;;0.00000000000;13888.00000000000;0.00000000000;829335;UZG;;AKTUALNY;;
PL.PZGIK.200;78b9fce1-9235-441b-87c5-f80aaf16b801;2012-09-27T07:36:28+02:00;POW;0209;legnicki;;;NZN;0.00000000000;;;6        NZN;;2020/12/09;74408.00000000000;0000000000EGIB;0209;;;0.00000000000;13888.00000000000;0.00000000000;829325;UZG;;AKTUALNY;;
PL.PZGIK.200;3fa081d3-e6b9-4653-9cd3-c7dd6f53ea81;2012-09-27T07:36:28+02:00;POW;0264;Wroc³aw;;;NZN;0.00000000000;;;6        NZN;;2020/12/09;29282.00000000000;0000000000EGIB;0264;;;0.00000000000;13888.00000000000;0.00000000000;829317;UZG;;AKTUALNY;;
PL.PZGIK.200;2f4596d4-19cd-472a-9915-ac7b52a66a3c;2012-09-27T07:36:28+02:00;POW;0211;lubiñski;;;NZN;0.00000000000;;;6        NZN;;2020/12/09;71162.00000000000;0000000000EGIB;0211;;;0.00000000000;13888.00000000000;0.00000000000;829327;UZG;;AKTUALNY;;
PL.PZGIK.200;6ea4132e-7a30-4765-b2aa-8bd493dc2375;2012-09-27T07:36:28+02:00;POW;0212;lwówecki;;;NZN;0.00000000000;;;6        NZN;;2020/12/09;70969.00000000000;0000000000EGIB;0212;;;0.00000000000;13888.00000000000;0.00000000000;829328;UZG;;AKTUALNY;;
PL.PZGIK.200;0a26c4e6-0171-469b-ab0e-88cb22934112;2012-09-27T07:38:30+02:00;POW;0462;Grudzi¹dz;;;NZN;0.00000000000;;;6        NZN;;2020/12/09;5776.00000000000;0000000000EGIB;0462;;;0.00000000000;13889.00000000000;0.00000000000;829361;UZG;;AKTUALNY;;
PL.PZGIK.200;ddc737c7-e09f-4eb1-ab92-bfbbe9ebb3de;2012-09-27T07:38:30+02:00;POW;0463;Toruñ;;;NZN;0.00000000000;;;6        NZN;;2020/12/09;11572.00000000000;0000000000EGIB;0463;;;0.00000000000;13889.00000000000;0.00000000000;829362;UZG;;AKTUALNY;;
PL.PZGIK.200;b9434fb1-7db6-42d9-9a0f-d6f735c2a492;2012-09-27T07:38:30+02:00;POW;0464;W³oc³awek;;;NZN;0.00000000000;;;6        NZN;;2020/12/09;8432.00000000000;0000000000EGIB;0464;;;0.00000000000;13889.00000000000;0.00000000000;829363;UZG;;AKTUALNY;;
PL.PZGIK.200;c62d2555-0688-4c52-b4b0-fbc35c206b5b;2012-09-27T07:38:30+02:00;POW;0411;radziejowski;;;NZN;0.00000000000;;;6        NZN;;2020/12/09;60720.00000000000;0000000000EGIB;0411;;;0.00000000000;13889.00000000000;0.00000000000;829350;UZG;;AKTUALNY;;
PL.PZGIK.200;82fd2232-f3be-487e-b7be-b6c27e9bed68;2012-09-27T07:38:30+02:00;POW;0410;nakielski;;;NZN;0.00000000000;;;6        NZN;;2020/12/09;112008.00000000000;0000000000EGIB;0410;;;0.00000000000;13889.00000000000;0.00000000000;829351;UZG;;AKTUALNY;;
PL.PZGIK.200;1f87dd2e-136e-425b-a28e-fa7744058fb4;2012-09-27T07:38:30+02:00;POW;0412;rypiñski;;;NZN;0.00000000000;;;6        NZN;;2020/12/09;58647.00000000000;0000000000EGIB;0412;;;0.00000000000;13889.00000000000;0.00000000000;829352;UZG;;AKTUALNY;;
PL.PZGIK.200;024e370e-d84e-4487-a467-d184ee88816e;2012-09-27T07:38:30+02:00;POW;0416;tucholski;;;NZN;0.00000000000;;;6        NZN;;2020/12/09;107546.00000000000;0000000000EGIB;0416;;;0.00000000000;13889.00000000000;0.00000000000;829356;UZG;;AKTUALNY;;
PL.PZGIK.200;0bcdc2cc-f821-4886-9336-e3ebfa30466f;2012-09-27T07:38:30+02:00;POW;0405;golubsko-dobrzyñski;;;NZN;0.00000000000;;;6        NZN;;2020/12/09;61285.00000000000;0000000000EGIB;0405;;;0.00000000000;13889.00000000000;0.00000000000;829345;UZG;;AKTUALNY;;
PL.PZGIK.200;a6773a99-a577-451d-9e24-a4b3e47ecf57;2012-09-27T07:38:30+02:00;POW;0404;che³miñski;;;NZN;0.00000000000;;;6        NZN;;2020/12/09;52694.00000000000;0000000000EGIB;0404;;;0.00000000000;13889.00000000000;0.00000000000;829364;UZG;;AKTUALNY;;
PL.PZGIK.200;d94f973f-4b07-46c6-8160-998121612425;2012-09-27T07:38:30+02:00;POW;0406;grudzi¹dzki;;;NZN;0.00000000000;;;6        NZN;;2020/12/09;72776.00000000000;0000000000EGIB;0406;;;0.00000000000;13889.00000000000;0.00000000000;829346;UZG;;AKTUALNY;;
PL.PZGIK.200;e4d23eb5-bada-49c0-94f6-c6cddd75fde9;2012-09-27T07:38:30+02:00;POW;0407;inowroc³awski;;;NZN;0.00000000000;;;6        NZN;;2020/12/09;122518.00000000000;0000000000EGIB;0407;;;0.00000000000;13889.00000000000;0.00000000000;829347;UZG;;AKTUALNY;;
PL.PZGIK.200;20bd1fbc-6150-400a-985a-d7471db79bf0;2012-09-27T07:38:30+02:00;POW;0401;aleksandrowski;;;NZN;0.00000000000;;;6        NZN;;2020/12/09;47463.00000000000;0000000000EGIB;0401;;;0.00000000000;13889.00000000000;0.00000000000;829342;UZG;;AKTUALNY;;
PL.PZGIK.200;69fd25f0-9327-464d-a1f1-e75814c3c886;2012-09-27T07:38:30+02:00;POW;0402;brodnicki;;;NZN;0.00000000000;;;6        NZN;;2020/12/09;103997.00000000000;0000000000EGIB;0402;;;0.00000000000;13889.00000000000;0.00000000000;829343;UZG;;AKTUALNY;;
PL.PZGIK.200;94211ec0-9e90-4d54-9778-9dfbccc79de3;2012-09-27T07:38:30+02:00;POW;0403;bydgoski;;;NZN;0.00000000000;;;6        NZN;;2020/12/09;139412.00000000000;0000000000EGIB;0403;;;0.00000000000;13889.00000000000;0.00000000000;829344;UZG;;AKTUALNY;;
PL.PZGIK.200;211161a0-49fe-498c-980e-ef42b94a8129;2012-09-27T07:38:30+02:00;POW;0408;lipnowski;;;NZN;0.00000000000;;;6        NZN;;2020/12/09;101574.00000000000;0000000000EGIB;0408;;;0.00000000000;13889.00000000000;0.00000000000;829348;UZG;;AKTUALNY;;
PL.PZGIK.200;2b6b02b4-91e7-4ded-b27b-8a0bb79f9660;2012-09-27T07:38:30+02:00;POW;0417;w¹brzeski;;;NZN;0.00000000000;;;6        NZN;;2020/12/09;50195.00000000000;0000000000EGIB;0417;;;0.00000000000;13889.00000000000;0.00000000000;829357;UZG;;AKTUALNY;;
PL.PZGIK.200;09447bc4-a3c3-4d84-83ab-d61a69820974;2012-09-27T07:38:30+02:00;POW;0413;sêpoleñski;;;NZN;0.00000000000;;;6        NZN;;2020/12/09;79109.00000000000;0000000000EGIB;0413;;;0.00000000000;13889.00000000000;0.00000000000;829353;UZG;;AKTUALNY;;
PL.PZGIK.200;c15faed2-a9ca-4219-8ac4-91d5b22ed798;2012-09-27T07:38:30+02:00;POW;0418;w³oc³awski;;;NZN;0.00000000000;;;6        NZN;;2020/12/09;147363.00000000000;0000000000EGIB;0418;;;0.00000000000;13889.00000000000;0.00000000000;829358;UZG;;AKTUALNY;;
PL.PZGIK.200;f72e8017-d8c2-4c4d-8912-e93f06b85c1b;2012-09-27T07:38:30+02:00;POW;0414;œwiecki;;;NZN;0.00000000000;;;6        NZN;;2020/12/09;147418.00000000000;0000000000EGIB;0414;;;0.00000000000;13889.00000000000;0.00000000000;829354;UZG;;AKTUALNY;;
PL.PZGIK.200;0fd5385c-1a6a-434e-872f-f8fa883ac320;2012-09-27T07:38:30+02:00;POW;0415;toruñski;;;NZN;0.00000000000;;;6        NZN;;2020/12/09;123042.00000000000;0000000000EGIB;0415;;;0.00000000000;13889.00000000000;0.00000000000;829355;UZG;;AKTUALNY;;
PL.PZGIK.200;2b8ca09e-0184-4c4c-9b8b-c64390909740;2012-09-27T07:38:30+02:00;POW;0419;¿niñski;;;NZN;0.00000000000;;;6        NZN;;2020/12/09;98477.00000000000;0000000000EGIB;0419;;;0.00000000000;13889.00000000000;0.00000000000;829359;UZG;;AKTUALNY;;
PL.PZGIK.200;998e0dad-bfe4-4db4-a53c-9203dc6580a9;2012-09-27T07:38:30+02:00;POW;0461;Bydgoszcz;;;NZN;0.00000000000;;;6        NZN;;2020/12/09;17598.00000000000;0000000000EGIB;0461;;;0.00000000000;13889.00000000000;0.00000000000;829360;UZG;;AKTUALNY;;
PL.PZGIK.200;2dd1ccab-c3f1-47e3-b23b-d727f9f1ac73;2012-09-27T07:38:30+02:00;POW;0409;mogileñski;;;NZN;0.00000000000;;;6        NZN;;2020/12/09;67512.00000000000;0000000000EGIB;0409;;;0.00000000000;13889.00000000000;0.00000000000;829349;UZG;;AKTUALNY;;
PL.PZGIK.200;c11c4f84-98f2-4af6-8dbc-f0dbd05d7d4a;2013-07-12T11:03:10+02:00;POW;1015;skierniewicki;;;NZN;0.00000000000;;1899/12/30;6        NZN;;1899/12/30;75338.00000000000;0000000000EGIB;1015;;;0.00000000000;0.00000000000;15070.00000000000;829048;UZG;;AKTUALNY;;
PL.PZGIK.200;f0c32b33-f593-42c6-b562-f3e97911301b;2012-09-27T07:55:30+02:00;POW;1016;tomaszowski;;;NZN;0.00000000000;;;6        NZN;;2020/12/09;102479.00000000000;0000000000EGIB;1016;;;0.00000000000;13876.00000000000;0.00000000000;829049;UZG;;AKTUALNY;;
PL.PZGIK.200;579e259f-4329-42c3-94ce-e1814f8e23b7;2012-09-27T07:55:30+02:00;POW;1017;wieluñski;;;NZN;0.00000000000;;;6        NZN;;2020/12/09;92648.00000000000;0000000000EGIB;1017;;;0.00000000000;13876.00000000000;0.00000000000;829050;UZG;;AKTUALNY;;
PL.PZGIK.200;4df2cc96-b1d2-440d-bd39-f38b9f462adb;2012-09-27T07:55:30+02:00;POW;1019;zduñskowolski;;;NZN;0.00000000000;;;6        NZN;;2020/12/09;36923.00000000000;0000000000EGIB;1019;;;0.00000000000;13876.00000000000;0.00000000000;829051;UZG;;AKTUALNY;;
PL.PZGIK.200;e47e8778-e36c-4e29-9b0d-fcf9174d0941;2012-09-27T07:55:30+02:00;POW;1018;wieruszowski;;;NZN;0.00000000000;;;6        NZN;;2020/12/09;57713.00000000000;0000000000EGIB;1018;;;0.00000000000;13876.00000000000;0.00000000000;829052;UZG;;AKTUALNY;;
PL.PZGIK.200;31467083-0a0e-4309-9145-af361b2de888;2012-09-27T07:55:30+02:00;POW;1020;zgierski;;;NZN;0.00000000000;;;6        NZN;;2020/12/09;85518.00000000000;0000000000EGIB;1020;;;0.00000000000;13876.00000000000;0.00000000000;829053;UZG;;AKTUALNY;;
PL.PZGIK.200;a7e8f6d2-d897-4fb8-9de4-a3c6e1250cf9;2012-09-27T07:55:30+02:00;POW;1021;brzeziñski;;;NZN;0.00000000000;;;6        NZN;;2020/12/09;35856.00000000000;0000000000EGIB;1021;;;0.00000000000;13876.00000000000;0.00000000000;829054;UZG;;AKTUALNY;;
PL.PZGIK.200;8932840a-b794-46f9-bf36-ca7833af84cb;2012-09-27T07:55:30+02:00;POW;1061;£ódŸ;;;NZN;0.00000000000;;;6        NZN;;2020/12/09;29325.00000000000;0000000000EGIB;1061;;;0.00000000000;13876.00000000000;0.00000000000;829055;UZG;;AKTUALNY;;
PL.PZGIK.200;36f958c5-e9bd-4a4f-a2f1-e27a4b312880;2012-09-27T07:55:30+02:00;POW;1062;Piotrków Trybunalski;;;NZN;0.00000000000;;;6        NZN;;2020/12/09;6724.00000000000;0000000000EGIB;1062;;;0.00000000000;13876.00000000000;0.00000000000;829032;UZG;;AKTUALNY;;
PL.PZGIK.200;48034fb4-5c88-4b7f-a49d-ed854560fa32;2013-07-12T11:03:10+02:00;POW;1063;Skierniewice;;;NZN;0.00000000000;;1899/12/30;6        NZN;;1899/12/30;3460.00000000000;0000000000EGIB;1063;;;0.00000000000;0.00000000000;15070.00000000000;829033;UZG;;AKTUALNY;;
PL.PZGIK.200;bd275e62-54ee-417c-868f-db5ba41c7fd3;2012-09-27T07:55:30+02:00;POW;1001;be³chatowski;;;NZN;0.00000000000;;;6        NZN;;2020/12/09;96760.00000000000;0000000000EGIB;1001;;;0.00000000000;13876.00000000000;0.00000000000;829034;UZG;;AKTUALNY;;
PL.PZGIK.200;284ab3f2-83fb-44d0-bd76-900db7dc8c4a;2012-09-27T07:55:30+02:00;POW;1002;kutnowski;;;NZN;0.00000000000;;;6        NZN;;2020/12/09;88686.00000000000;0000000000EGIB;1002;;;0.00000000000;13876.00000000000;0.00000000000;829035;UZG;;AKTUALNY;;
PL.PZGIK.200;6b10528e-1305-4e99-89d2-c4d7f9089450;2012-09-27T07:55:30+02:00;POW;1003;³aski;;;NZN;0.00000000000;;;6        NZN;;2020/12/09;61823.00000000000;0000000000EGIB;1003;;;0.00000000000;13876.00000000000;0.00000000000;829036;UZG;;AKTUALNY;;
PL.PZGIK.200;04363425-4439-402e-b43d-936543aec23d;2012-09-27T07:55:30+02:00;POW;1004;³êczycki;;;NZN;0.00000000000;;;6        NZN;;2020/12/09;77275.00000000000;0000000000EGIB;1004;;;0.00000000000;13876.00000000000;0.00000000000;829037;UZG;;AKTUALNY;;
PL.PZGIK.200;50a43d83-67db-418a-8efd-b6ca3ec87efe;2012-09-27T07:55:30+02:00;POW;1005;³owicki;;;NZN;0.00000000000;;;6        NZN;;2020/12/09;98817.00000000000;0000000000EGIB;1005;;;0.00000000000;13876.00000000000;0.00000000000;829038;UZG;;AKTUALNY;;
PL.PZGIK.200;1e0d7b34-9e06-4da1-a177-f16537d36207;2012-09-27T07:55:30+02:00;POW;1006;³ódzki wschodni;;;NZN;0.00000000000;;;6        NZN;;2020/12/09;49976.00000000000;0000000000EGIB;1006;;;0.00000000000;13876.00000000000;0.00000000000;829039;UZG;;AKTUALNY;;
PL.PZGIK.200;373f5367-d40b-43f7-bdfa-8cb2463eda8c;2012-09-27T07:55:30+02:00;POW;1007;opoczyñski;;;NZN;0.00000000000;;;6        NZN;;2020/12/09;104019.00000000000;0000000000EGIB;1007;;;0.00000000000;13876.00000000000;0.00000000000;829040;UZG;;AKTUALNY;;
PL.PZGIK.200;a7194567-323b-402d-b176-902fcdbfc220;2012-09-27T07:55:30+02:00;POW;1008;pabianicki;;;NZN;0.00000000000;;;6        NZN;;2020/12/09;49218.00000000000;0000000000EGIB;1008;;;0.00000000000;13876.00000000000;0.00000000000;829041;UZG;;AKTUALNY;;
PL.PZGIK.200;55f146ab-2ba5-434a-8157-a49deffec92f;2012-09-27T07:55:30+02:00;POW;1009;pajêczañski;;;NZN;0.00000000000;;;6        NZN;;2020/12/09;80382.00000000000;0000000000EGIB;1009;;;0.00000000000;13876.00000000000;0.00000000000;829042;UZG;;AKTUALNY;;
PL.PZGIK.200;fda82e3a-7582-4d49-b224-eb5abbdab324;2012-09-27T07:55:30+02:00;POW;1010;piotrkowski;;;NZN;0.00000000000;;;6        NZN;;2020/12/09;142874.00000000000;0000000000EGIB;1010;;;0.00000000000;13876.00000000000;0.00000000000;829043;UZG;;AKTUALNY;;
PL.PZGIK.200;fc0925ab-f1f9-41fb-b809-879afbb119b5;2012-09-27T07:55:30+02:00;POW;1011;poddêbicki;;;NZN;0.00000000000;;;6        NZN;;2020/12/09;88121.00000000000;0000000000EGIB;1011;;;0.00000000000;13876.00000000000;0.00000000000;829044;UZG;;AKTUALNY;;
PL.PZGIK.200;e5cf2405-3970-4585-bd6d-f2ee349327ec;2012-09-27T07:55:30+02:00;POW;1012;radomszczañski;;;NZN;0.00000000000;;;6        NZN;;2020/12/09;144257.00000000000;0000000000EGIB;1012;;;0.00000000000;13876.00000000000;0.00000000000;829045;UZG;;AKTUALNY;;
PL.PZGIK.200;4262942f-ca2c-49ff-9745-843c0a71ffb8;2012-09-27T07:55:30+02:00;POW;1013;rawski;;;NZN;0.00000000000;;;6        NZN;;2020/12/09;64620.00000000000;0000000000EGIB;1013;;;0.00000000000;13876.00000000000;0.00000000000;829046;UZG;;AKTUALNY;;
PL.PZGIK.200;c5bed6be-51ed-47ff-be97-92b7f9644e2f;2012-09-27T07:55:30+02:00;POW;1014;sieradzki;;;NZN;0.00000000000;;;6        NZN;;2020/12/09;149083.00000000000;0000000000EGIB;1014;;;0.00000000000;13876.00000000000;0.00000000000;829047;UZG;;AKTUALNY;;
PL.PZGIK.200;5c79efd4-8fc4-4e53-888f-97263be8e053;2012-09-27T07:39:43+02:00;POW;0601;bialski;;;NZN;0.00000000000;;;6        NZN;;2020/12/09;275426.00000000000;0000000000EGIB;0601;;;0.00000000000;13874.00000000000;0.00000000000;828986;UZG;;AKTUALNY;;
PL.PZGIK.200;ce4accdf-9d05-4b6d-be68-f383bc4cf93a;2012-09-27T07:39:43+02:00;POW;0602;bi³gorajski;;;NZN;0.00000000000;;;6        NZN;;2020/12/09;168110.00000000000;0000000000EGIB;0602;;;0.00000000000;13874.00000000000;0.00000000000;828987;UZG;;AKTUALNY;;
PL.PZGIK.200;3c276a3f-bbc7-4911-866d-d4fb8b9cea17;2012-09-27T07:39:43+02:00;POW;0603;che³mski;;;NZN;0.00000000000;;;6        NZN;;2020/12/09;188560.00000000000;0000000000EGIB;0603;;;0.00000000000;13874.00000000000;0.00000000000;828988;UZG;;AKTUALNY;;
PL.PZGIK.200;17cf384c-2779-403c-bb14-ed710f1ff02a;2012-09-27T07:39:43+02:00;POW;0604;hrubieszowski;;;NZN;0.00000000000;;;6        NZN;;2020/12/09;126802.00000000000;0000000000EGIB;0604;;;0.00000000000;13874.00000000000;0.00000000000;828989;UZG;;AKTUALNY;;
PL.PZGIK.200;70878c52-32df-411a-bc27-d67966963ca5;2012-09-27T07:39:43+02:00;POW;0605;janowski;;;NZN;0.00000000000;;;6        NZN;;2020/12/09;87528.00000000000;0000000000EGIB;0605;;;0.00000000000;13874.00000000000;0.00000000000;828990;UZG;;AKTUALNY;;
PL.PZGIK.200;1550af77-3859-4d7d-a5d3-dc703ec910db;2012-09-27T07:39:43+02:00;POW;0606;krasnostawski;;;NZN;0.00000000000;;;6        NZN;;2020/12/09;103144.00000000000;0000000000EGIB;0606;;;0.00000000000;13874.00000000000;0.00000000000;828991;UZG;;AKTUALNY;;
PL.PZGIK.200;50425604-358e-4d5a-8af5-ca1e92c1508c;2012-09-27T07:39:43+02:00;POW;0607;kraœnicki;;;NZN;0.00000000000;;;6        NZN;;2020/12/09;100530.00000000000;0000000000EGIB;0607;;;0.00000000000;13874.00000000000;0.00000000000;828992;UZG;;AKTUALNY;;
PL.PZGIK.200;27783762-868f-45a1-95d3-bc0fd9762a2c;2012-09-27T07:39:43+02:00;POW;0608;lubartowski;;;NZN;0.00000000000;;;6        NZN;;2020/12/09;128874.00000000000;0000000000EGIB;0608;;;0.00000000000;13874.00000000000;0.00000000000;828993;UZG;;AKTUALNY;;
PL.PZGIK.200;11b56e2e-4386-43bd-813c-e616089d2e3c;2012-09-27T07:39:43+02:00;POW;0609;lubelski;;;NZN;0.00000000000;;;6        NZN;;2020/12/09;167953.00000000000;0000000000EGIB;0609;;;0.00000000000;13874.00000000000;0.00000000000;828994;UZG;;AKTUALNY;;
PL.PZGIK.200;e9199ffa-00f7-4afe-be97-e4a1c7177ecd;2012-09-27T07:39:43+02:00;POW;0610;³êczyñski;;;NZN;0.00000000000;;;6        NZN;;2020/12/09;63664.00000000000;0000000000EGIB;0610;;;0.00000000000;13874.00000000000;0.00000000000;828995;UZG;;AKTUALNY;;
PL.PZGIK.200;c1f55cb1-4a37-4203-9b80-f8888fa9da3f;2012-09-27T07:39:43+02:00;POW;0611;³ukowski;;;NZN;0.00000000000;;;6        NZN;;2020/12/09;139421.00000000000;0000000000EGIB;0611;;;0.00000000000;13874.00000000000;0.00000000000;828996;UZG;;AKTUALNY;;
PL.PZGIK.200;542bf176-58d8-41a9-8f62-f3e8a67f129e;2012-09-27T07:39:43+02:00;POW;0612;opolski;;;NZN;0.00000000000;;;6        NZN;;2020/12/09;81002.00000000000;0000000000EGIB;0612;;;0.00000000000;13874.00000000000;0.00000000000;828997;UZG;;AKTUALNY;;
PL.PZGIK.200;52f5ef98-e9a4-46d0-ba2b-e0dc6e800796;2012-09-27T07:39:43+02:00;POW;0613;parczewski;;;NZN;0.00000000000;;;6        NZN;;2020/12/09;95220.00000000000;0000000000EGIB;0613;;;0.00000000000;13874.00000000000;0.00000000000;828998;UZG;;AKTUALNY;;
PL.PZGIK.200;ec71ad0e-8898-4f27-940d-fe259882a7c0;2012-09-27T07:39:43+02:00;POW;0614;pu³awski;;;NZN;0.00000000000;;;6        NZN;;2020/12/09;93409.00000000000;0000000000EGIB;0614;;;0.00000000000;13874.00000000000;0.00000000000;828999;UZG;;AKTUALNY;;
PL.PZGIK.200;b83fc385-a4d3-4b1c-ba09-fbc6ebc43f71;2012-09-27T07:39:43+02:00;POW;0615;radzyñski;;;NZN;0.00000000000;;;6        NZN;;2020/12/09;96506.00000000000;0000000000EGIB;0615;;;0.00000000000;13874.00000000000;0.00000000000;829000;UZG;;AKTUALNY;;
PL.PZGIK.200;24c4b0cc-2329-4b6f-941b-b1a6ed00ff07;2012-09-27T07:39:43+02:00;POW;0616;rycki;;;NZN;0.00000000000;;;6        NZN;;2020/12/09;61453.00000000000;0000000000EGIB;0616;;;0.00000000000;13874.00000000000;0.00000000000;829001;UZG;;AKTUALNY;;
PL.PZGIK.200;a162dc15-73d7-40e3-9187-87bfb424fcb0;2012-09-27T07:39:43+02:00;POW;0617;œwidnicki;;;NZN;0.00000000000;;;6        NZN;;2020/12/09;46835.00000000000;0000000000EGIB;0617;;;0.00000000000;13874.00000000000;0.00000000000;829002;UZG;;AKTUALNY;;
PL.PZGIK.200;0a318aee-35ab-4a38-ae71-c0757d318e42;2012-09-27T07:39:43+02:00;POW;0618;tomaszowski;;;NZN;0.00000000000;;;6        NZN;;2020/12/09;148889.00000000000;0000000000EGIB;0618;;;0.00000000000;13874.00000000000;0.00000000000;829003;UZG;;AKTUALNY;;
PL.PZGIK.200;ef1fe2b7-9536-4988-8c48-fdf49e927fea;2012-09-27T07:39:43+02:00;POW;0661;Bia³a Podlaska;;;NZN;0.00000000000;;;6        NZN;;2020/12/09;4940.00000000000;0000000000EGIB;0661;;;0.00000000000;13874.00000000000;0.00000000000;829004;UZG;;AKTUALNY;;
PL.PZGIK.200;57ba36b7-aafd-4dce-92ad-903375b14f38;2012-09-27T07:39:43+02:00;POW;0619;w³odawski;;;NZN;0.00000000000;;;6        NZN;;2020/12/09;125642.00000000000;0000000000EGIB;0619;;;0.00000000000;13874.00000000000;0.00000000000;829005;UZG;;AKTUALNY;;
PL.PZGIK.200;e9e0d8ab-d763-4030-96d5-d82dcb2f09fa;2012-09-27T07:39:43+02:00;POW;0620;zamojski;;;NZN;0.00000000000;;;6        NZN;;2020/12/09;187029.00000000000;0000000000EGIB;0620;;;0.00000000000;13874.00000000000;0.00000000000;829006;UZG;;AKTUALNY;;
PL.PZGIK.200;5aa84bcb-1088-4c93-ba91-f09d1e8e086e;2012-09-27T07:39:43+02:00;POW;0663;Lublin;;;NZN;0.00000000000;;;6        NZN;;2020/12/09;14747.00000000000;0000000000EGIB;0663;;;0.00000000000;13874.00000000000;0.00000000000;829007;UZG;;AKTUALNY;;
PL.PZGIK.200;a5db8b91-e534-4d3e-8f60-9794a579e315;2012-09-27T07:39:43+02:00;POW;0662;Che³m;;;NZN;0.00000000000;;;6        NZN;;2020/12/09;3528.00000000000;0000000000EGIB;0662;;;0.00000000000;13874.00000000000;0.00000000000;829008;UZG;;AKTUALNY;;
PL.PZGIK.200;15b0c4f1-9515-4e61-8216-b543b5197a48;2012-09-27T07:39:43+02:00;POW;0664;Zamoœæ;;;NZN;0.00000000000;;;6        NZN;;2020/12/09;3034.00000000000;0000000000EGIB;0664;;;0.00000000000;13874.00000000000;0.00000000000;829009;UZG;;AKTUALNY;;
PL.PZGIK.200;0c93a35a-49e5-4a9d-bf29-f4dbdf6dda06;2012-09-27T08:00:40+02:00;POW;0811;¿arski;;;NZN;0.00000000000;;;6        NZN;;2020/12/09;139278.00000000000;0000000000EGIB;0811;;;0.00000000000;13877.00000000000;0.00000000000;829056;UZG;;AKTUALNY;;
PL.PZGIK.200;e26f8239-1c9d-43ae-bcb0-f7d73422446c;2012-09-27T08:00:40+02:00;POW;0812;wschowski;;;NZN;0.00000000000;;;6        NZN;;2020/12/09;62420.00000000000;0000000000EGIB;0812;;;0.00000000000;13877.00000000000;0.00000000000;829057;UZG;;AKTUALNY;;
PL.PZGIK.200;e3d8ca74-34c5-4eef-8e53-f5b31945cb3b;2012-09-27T08:00:40+02:00;POW;0862;Zielona Góra;;;NZN;0.00000000000;;1899/12/30;6        NZN;;2020/12/09;27832.00000000000;0000000000EGIB;0862;;;0.00000000000;13877.00000000000;0.00000000000;829058;UZG;;AKTUALNY;;
PL.PZGIK.200;b1a8ae34-a591-4347-908c-80a607e62e1f;2012-09-27T08:00:40+02:00;POW;0861;Gorzów Wielkopolski;;;NZN;0.00000000000;;;6        NZN;;2020/12/09;8572.00000000000;0000000000EGIB;0861;;;0.00000000000;13877.00000000000;0.00000000000;829059;UZG;;AKTUALNY;;
PL.PZGIK.200;19acf2b5-5d7b-4edf-a442-e98f59f962d9;2012-09-27T08:00:40+02:00;POW;0801;gorzowski;;;NZN;0.00000000000;;;6        NZN;;2020/12/09;121423.00000000000;0000000000EGIB;0801;;;0.00000000000;13877.00000000000;0.00000000000;829060;UZG;;AKTUALNY;;
PL.PZGIK.200;998463ac-fc60-4918-8b84-d52ff85b643e;2012-09-27T08:00:40+02:00;POW;0802;kroœnieñski;;;NZN;0.00000000000;;;6        NZN;;2020/12/09;139125.00000000000;0000000000EGIB;0802;;;0.00000000000;13877.00000000000;0.00000000000;829061;UZG;;AKTUALNY;;
PL.PZGIK.200;71fda0fd-9d15-4741-80dc-ce4e1361ef05;2013-07-09T11:04:17+02:00;POW;0809;zielonogórski;;;NZN;0.00000000000;1899/12/30;1899/12/30;6        NZN;1899/12/30;1899/12/30;134975.00000000000;0000000000EGIB;0809;;;0.00000000000;0.00000000000;14890.00000000000;829068;UZG;;AKTUALNY;;
PL.PZGIK.200;d45506aa-6d98-45b8-b9ed-9f4b6c34bca6;2012-09-27T08:00:40+02:00;POW;0803;miêdzyrzecki;;;NZN;0.00000000000;;;6        NZN;;2020/12/09;138761.00000000000;0000000000EGIB;0803;;;0.00000000000;13877.00000000000;0.00000000000;829062;UZG;;AKTUALNY;;
PL.PZGIK.200;c93a5582-95a3-42e2-8579-a78f08bea07f;2012-09-27T08:00:40+02:00;POW;0804;nowosolski;;;NZN;0.00000000000;1899/12/30;1899/12/30;6        NZN;1899/12/30;2020/12/09;77073.00000000000;0000000000EGIB;0804;;;0.00000000000;13877.00000000000;0.00000000000;829063;UZG;;AKTUALNY;;
PL.PZGIK.200;0f4e4cbc-0a46-4912-ad56-cba448ce75b9;2012-09-27T08:00:40+02:00;POW;0805;s³ubicki;;;NZN;0.00000000000;;;6        NZN;;2020/12/09;99929.00000000000;0000000000EGIB;0805;;;0.00000000000;13877.00000000000;0.00000000000;829064;UZG;;AKTUALNY;;
PL.PZGIK.200;ae80b7ef-566b-45bc-aecf-efc0d094ee59;2012-09-27T08:00:40+02:00;POW;0806;strzelecko-drezdenecki;;;NZN;0.00000000000;;;6        NZN;;2020/12/09;124786.00000000000;0000000000EGIB;0806;;;0.00000000000;13877.00000000000;0.00000000000;829065;UZG;;AKTUALNY;;
PL.PZGIK.200;db31f1f6-af26-44aa-b862-f6d79dd7324f;2012-09-27T08:00:40+02:00;POW;0807;sulêciñski;;;NZN;0.00000000000;;;6        NZN;;2020/12/09;117780.00000000000;0000000000EGIB;0807;;;0.00000000000;13877.00000000000;0.00000000000;829066;UZG;;AKTUALNY;;
PL.PZGIK.200;85389332-28e1-48a3-89bc-cbbabd4055ce;2012-09-27T08:00:40+02:00;POW;0808;œwiebodziñski;;;NZN;0.00000000000;;;6        NZN;;2020/12/09;93657.00000000000;0000000000EGIB;0808;;;0.00000000000;13877.00000000000;0.00000000000;829067;UZG;;AKTUALNY;;
PL.PZGIK.200;c7716ec7-af6b-4219-8104-bb1ac641caea;2012-09-27T08:00:40+02:00;POW;0810;¿agañski;;;NZN;0.00000000000;;;6        NZN;;2020/12/09;113182.00000000000;0000000000EGIB;0810;;;0.00000000000;13877.00000000000;0.00000000000;829069;UZG;;AKTUALNY;;
PL.PZGIK.200;9ae62200-8233-49ef-aec3-b3c95fa6127e;2012-09-27T07:52:00+02:00;POW;1201;bocheñski;;;NZN;0.00000000000;;;6        NZN;;2020/12/09;64856.00000000000;0000000000EGIB;1201;;;0.00000000000;13875.00000000000;0.00000000000;829011;UZG;;AKTUALNY;;
PL.PZGIK.200;8eaf0bfb-3bf3-40dd-a6bb-f5afb0a466c6;2012-09-27T07:52:00+02:00;POW;1203;chrzanowski;;;NZN;0.00000000000;;;6        NZN;;2020/12/09;37012.00000000000;0000000000EGIB;1203;;;0.00000000000;13875.00000000000;0.00000000000;829012;UZG;;AKTUALNY;;
PL.PZGIK.200;2f8e6930-0088-406e-b684-cebb73fc5bd9;2012-09-27T07:52:00+02:00;POW;1204;d¹browski;;;NZN;0.00000000000;;;6        NZN;;2020/12/09;53025.00000000000;0000000000EGIB;1204;;;0.00000000000;13875.00000000000;0.00000000000;829013;UZG;;AKTUALNY;;
PL.PZGIK.200;5b376d4f-e6fb-48f4-9302-a9b0a6cc2aeb;2012-09-27T07:52:00+02:00;POW;1205;gorlicki;;;NZN;0.00000000000;;;6        NZN;;2020/12/09;96646.00000000000;0000000000EGIB;1205;;;0.00000000000;13875.00000000000;0.00000000000;829014;UZG;;AKTUALNY;;
PL.PZGIK.200;3104c00e-f86d-4d1a-ac9e-8c85e101ac95;2013-07-11T08:30:38+02:00;POW;1206;krakowski;;;NZN;0.00000000000;;;6        NZN;;;123052.00000000000;0000000000EGIB;1206;;;0.00000000000;0.00000000000;14970.00000000000;829015;UZG;;AKTUALNY;;
PL.PZGIK.200;8526b8c8-68f6-4c04-9098-9e7f03c3d15d;2012-09-27T07:52:00+02:00;POW;1207;limanowski;;;NZN;0.00000000000;;;6        NZN;;2020/12/09;95123.00000000000;0000000000EGIB;1207;;;0.00000000000;13875.00000000000;0.00000000000;829016;UZG;;AKTUALNY;;
PL.PZGIK.200;044838ea-446c-4679-9bf9-a0f7351d0e26;2012-09-27T07:52:00+02:00;POW;1208;miechowski;;;NZN;0.00000000000;;;6        NZN;;2020/12/09;67629.00000000000;0000000000EGIB;1208;;;0.00000000000;13875.00000000000;0.00000000000;829017;UZG;;AKTUALNY;;
PL.PZGIK.200;2eb1253c-735f-4636-981c-bde46943d44c;2012-09-27T07:52:00+02:00;POW;1209;myœlenicki;;;NZN;0.00000000000;;;6        NZN;;2020/12/09;67308.00000000000;0000000000EGIB;1209;;;0.00000000000;13875.00000000000;0.00000000000;829018;UZG;;AKTUALNY;;
PL.PZGIK.200;27013993-b504-487f-aca8-9f17768d81b4;2012-09-27T07:52:00+02:00;POW;1210;nowos¹decki;;;NZN;0.00000000000;;;6        NZN;;2020/12/09;154980.00000000000;0000000000EGIB;1210;;;0.00000000000;13875.00000000000;0.00000000000;829019;UZG;;AKTUALNY;;
PL.PZGIK.200;a472069d-aabd-4128-a1dc-c3f6f7c8c11a;2012-09-27T07:52:00+02:00;POW;1211;nowotarski;;;NZN;0.00000000000;;;6        NZN;;2020/12/09;147499.00000000000;0000000000EGIB;1211;;;0.00000000000;13875.00000000000;0.00000000000;829020;UZG;;AKTUALNY;;
PL.PZGIK.200;635515cd-30e5-47cd-b0b2-db0113ac269f;2012-09-27T07:52:00+02:00;POW;1212;olkuski;;;NZN;0.00000000000;;;6        NZN;;2020/12/09;61811.00000000000;0000000000EGIB;1212;;;0.00000000000;13875.00000000000;0.00000000000;829021;UZG;;AKTUALNY;;
PL.PZGIK.200;1cf65b44-f4d5-4a14-961f-8363a199b2d6;2012-09-27T07:52:00+02:00;POW;1213;oœwiêcimski;;;NZN;0.00000000000;;;6        NZN;;2020/12/09;40558.00000000000;0000000000EGIB;1213;;;0.00000000000;13875.00000000000;0.00000000000;829022;UZG;;AKTUALNY;;
PL.PZGIK.200;adb95dd1-f39a-46c3-a2ee-c5dfb69b1d25;2012-09-27T07:52:00+02:00;POW;1214;proszowicki;;;NZN;0.00000000000;;;6        NZN;;2020/12/09;41487.00000000000;0000000000EGIB;1214;;;0.00000000000;13875.00000000000;0.00000000000;829023;UZG;;AKTUALNY;;
PL.PZGIK.200;449427a1-a4c0-468a-b0ac-8da55c551398;2012-09-27T07:52:00+02:00;POW;1215;suski;;;NZN;0.00000000000;;;6        NZN;;2020/12/09;68571.00000000000;0000000000EGIB;1215;;;0.00000000000;13875.00000000000;0.00000000000;829024;UZG;;AKTUALNY;;
PL.PZGIK.200;17c3b30e-7279-4144-9a54-b54dcc50a95c;2012-09-27T07:52:01+02:00;POW;1216;tarnowski;;;NZN;0.00000000000;;;6        NZN;;2020/12/09;141158.00000000000;0000000000EGIB;1216;;;0.00000000000;13875.00000000000;0.00000000000;829025;UZG;;AKTUALNY;;
PL.PZGIK.200;c0a73975-a7cb-4cb2-88bb-a722b2210347;2012-09-27T07:52:01+02:00;POW;1217;tatrzañski;;;NZN;0.00000000000;;;6        NZN;;2020/12/09;47165.00000000000;0000000000EGIB;1217;;;0.00000000000;13875.00000000000;0.00000000000;829026;UZG;;AKTUALNY;;
PL.PZGIK.200;db2b392c-5d8b-4afe-ae75-bc6f563eeb80;2012-09-27T07:52:01+02:00;POW;1218;wadowicki;;;NZN;0.00000000000;;;6        NZN;;2020/12/09;64588.00000000000;0000000000EGIB;1218;;;0.00000000000;13875.00000000000;0.00000000000;829027;UZG;;AKTUALNY;;
PL.PZGIK.200;445d2b9f-72f1-48e9-8bde-cf1bd8cbfa80;2012-09-27T07:52:01+02:00;POW;1263;Tarnów;;;NZN;0.00000000000;;;6        NZN;;2020/12/09;7238.00000000000;0000000000EGIB;1263;;;0.00000000000;13875.00000000000;0.00000000000;829028;UZG;;AKTUALNY;;
PL.PZGIK.200;45aa4cc1-64be-4f7b-96b3-b782b62d0baf;2012-09-27T07:52:01+02:00;POW;1219;wielicki;;;NZN;0.00000000000;;;6        NZN;;2020/12/09;41078.00000000000;0000000000EGIB;1219;;;0.00000000000;13875.00000000000;0.00000000000;829029;UZG;;AKTUALNY;;
PL.PZGIK.200;c4087889-e1af-41db-9c86-f73223dfb8b5;2013-07-11T08:30:38+02:00;POW;1261;Kraków;;;NZN;0.00000000000;;;6        NZN;;;32685.00000000000;0000000000EGIB;1261;;;0.00000000000;0.00000000000;14970.00000000000;829030;UZG;;AKTUALNY;;
PL.PZGIK.200;f642b452-a6ab-46bd-9267-836006bfd7c0;2012-09-27T07:52:01+02:00;POW;1262;Nowy S¹cz;;;NZN;0.00000000000;;;6        NZN;;2020/12/09;5758.00000000000;0000000000EGIB;1262;;;0.00000000000;13875.00000000000;0.00000000000;829031;UZG;;AKTUALNY;;
PL.PZGIK.200;8d0b0a85-17f0-4358-98a4-d312d6212b93;2012-09-27T07:52:00+02:00;POW;1202;brzeski;;;NZN;0.00000000000;;;6        NZN;;2020/12/09;59052.00000000000;0000000000EGIB;1202;;;0.00000000000;13875.00000000000;0.00000000000;829010;UZG;;AKTUALNY;;
PL.PZGIK.200;d0693248-930f-4838-b662-ac7137143bdf;2012-09-27T08:13:53+02:00;POW;1411;makowski;;;NZN;0.00000000000;;;6        NZN;;2020/12/09;106463.00000000000;0000000000EGIB;1411;;;0.00000000000;13879.00000000000;0.00000000000;829096;UZG;;AKTUALNY;;
PL.PZGIK.200;50972166-aed4-4508-adc3-a716723228d1;2012-09-27T08:13:53+02:00;POW;1463;Radom;;;NZN;0.00000000000;;;6        NZN;;2020/12/09;11180.00000000000;0000000000EGIB;1463;;;0.00000000000;13879.00000000000;0.00000000000;829134;UZG;;AKTUALNY;;
PL.PZGIK.200;b83d7094-60a3-460b-b308-f7ec80abb622;2012-09-27T08:13:53+02:00;POW;1410;³osicki;;;NZN;0.00000000000;;;6        NZN;;2020/12/09;77245.00000000000;0000000000EGIB;1410;;;0.00000000000;13879.00000000000;0.00000000000;829095;UZG;;AKTUALNY;;
PL.PZGIK.200;156d6311-1a28-4eb7-b7f2-d8ead03a26ac;2012-09-27T08:13:53+02:00;POW;1438;¿yrardowski;;;NZN;0.00000000000;;;6        NZN;;2020/12/09;53254.00000000000;0000000000EGIB;1438;;;0.00000000000;13879.00000000000;0.00000000000;829131;UZG;;AKTUALNY;;
PL.PZGIK.200;357b6f32-a2a9-4f83-85d2-ae55588ecc62;2012-09-27T08:13:53+02:00;POW;1414;nowodworski;;;NZN;0.00000000000;;;6        NZN;;2020/12/09;69479.00000000000;0000000000EGIB;1414;;;0.00000000000;13879.00000000000;0.00000000000;829099;UZG;;AKTUALNY;;
PL.PZGIK.200;1d945b37-6af3-466a-94ad-d9c02d981402;2012-09-27T08:13:53+02:00;POW;1461;Ostro³êka;;;NZN;0.00000000000;;;6        NZN;;2020/12/09;2863.00000000000;0000000000EGIB;1461;;;0.00000000000;13879.00000000000;0.00000000000;829132;UZG;;AKTUALNY;;
PL.PZGIK.200;80c44970-8230-4846-a7b6-d6ea1901f7af;2012-09-27T08:13:53+02:00;POW;1465;Warszawa;;;NZN;0.00000000000;;;6        NZN;;2020/12/09;51724.00000000000;0000000000EGIB;1465;;;0.00000000000;13879.00000000000;0.00000000000;829136;UZG;;AKTUALNY;;
PL.PZGIK.200;d2f96418-0366-4f59-8793-fef1aa0ca19f;2012-09-27T08:13:53+02:00;POW;1415;ostro³êcki;;;NZN;0.00000000000;;;6        NZN;;2020/12/09;209838.00000000000;0000000000EGIB;1415;;;0.00000000000;13879.00000000000;0.00000000000;829100;UZG;;AKTUALNY;;
PL.PZGIK.200;17fc6675-6104-4686-b70e-cf2a562b89e6;2012-09-27T08:13:53+02:00;POW;1416;ostrowski;;;NZN;0.00000000000;;;6        NZN;;2020/12/09;121779.00000000000;0000000000EGIB;1416;;;0.00000000000;13879.00000000000;0.00000000000;829101;UZG;;AKTUALNY;;
PL.PZGIK.200;4670c0b0-9225-450f-a0c2-8ff56cbe3b08;2012-09-27T08:13:53+02:00;POW;1417;otwocki;;;NZN;0.00000000000;;;6        NZN;;2020/12/09;61592.00000000000;0000000000EGIB;1417;;;0.00000000000;13879.00000000000;0.00000000000;829102;UZG;;AKTUALNY;;
PL.PZGIK.200;2949242d-4c6f-40bc-b575-c157c3172da7;2012-09-27T08:13:53+02:00;POW;1418;piaseczyñski;;;NZN;0.00000000000;;;6        NZN;;2020/12/09;62100.00000000000;0000000000EGIB;1418;;;0.00000000000;13879.00000000000;0.00000000000;829103;UZG;;AKTUALNY;;
PL.PZGIK.200;b3b3dfff-c9b2-4d74-8cf8-f21e620136f6;2012-09-27T08:13:53+02:00;POW;1419;p³ocki;;;NZN;0.00000000000;;;6        NZN;;2020/12/09;179663.00000000000;0000000000EGIB;1419;;;0.00000000000;13879.00000000000;0.00000000000;829104;UZG;;AKTUALNY;;
PL.PZGIK.200;a2311e5e-c623-430a-b858-a98931ccd0a8;2012-09-27T08:13:53+02:00;POW;1420;p³oñski;;;NZN;0.00000000000;;;6        NZN;;2020/12/09;137979.00000000000;0000000000EGIB;1420;;;0.00000000000;13879.00000000000;0.00000000000;829105;UZG;;AKTUALNY;;
PL.PZGIK.200;4d601c02-4693-43d1-85b5-bd17b80d27a8;2012-09-27T08:13:53+02:00;POW;1421;pruszkowski;;;NZN;0.00000000000;;;6        NZN;;2020/12/09;24630.00000000000;0000000000EGIB;1421;;;0.00000000000;13879.00000000000;0.00000000000;829106;UZG;;AKTUALNY;;
PL.PZGIK.200;b73c395c-6412-4a25-8ab4-e4a143fc23fa;2012-09-27T08:13:53+02:00;POW;1422;przasnyski;;;NZN;0.00000000000;;;6        NZN;;2020/12/09;121862.00000000000;0000000000EGIB;1422;;;0.00000000000;13879.00000000000;0.00000000000;829107;UZG;;AKTUALNY;;
PL.PZGIK.200;06437711-b083-4479-a66e-e78888507e51;2012-09-27T08:13:53+02:00;POW;1423;przysuski;;;NZN;0.00000000000;;;6        NZN;;2020/12/09;80119.00000000000;0000000000EGIB;1423;;;0.00000000000;13879.00000000000;0.00000000000;829108;UZG;;AKTUALNY;;
PL.PZGIK.200;990a47d4-e8f6-450c-9636-ea29e35cc404;2012-09-27T08:13:53+02:00;POW;1412;miñski;;;NZN;0.00000000000;;;6        NZN;;2020/12/09;116372.00000000000;0000000000EGIB;1412;;;0.00000000000;13879.00000000000;0.00000000000;829097;UZG;;AKTUALNY;;
PL.PZGIK.200;f3ab1778-b92d-43a1-bee1-f4184972ddc2;2012-09-27T08:13:53+02:00;POW;1413;m³awski;;;NZN;0.00000000000;;;6        NZN;;2020/12/09;118182.00000000000;0000000000EGIB;1413;;;0.00000000000;13879.00000000000;0.00000000000;829098;UZG;;AKTUALNY;;
PL.PZGIK.200;05b6cec3-bcc8-4029-a0bc-99c40ff3c159;2012-09-27T08:13:53+02:00;POW;1424;pu³tuski;;;NZN;0.00000000000;;;6        NZN;;2020/12/09;82742.00000000000;0000000000EGIB;1424;;;0.00000000000;13879.00000000000;0.00000000000;829109;UZG;;AKTUALNY;;
PL.PZGIK.200;334357f9-a2dc-406e-8c17-b3f02e1ba3b9;2012-09-27T08:13:53+02:00;POW;1464;Siedlce;;;NZN;0.00000000000;;;6        NZN;;2020/12/09;3186.00000000000;0000000000EGIB;1464;;;0.00000000000;13879.00000000000;0.00000000000;829135;UZG;;AKTUALNY;;
PL.PZGIK.200;3bed0908-7bc7-4981-89d9-c3a9075e317c;2012-09-27T08:13:53+02:00;POW;1425;radomski;;;NZN;0.00000000000;;;6        NZN;;2020/12/09;152978.00000000000;0000000000EGIB;1425;;;0.00000000000;13879.00000000000;0.00000000000;829110;UZG;;AKTUALNY;;
PL.PZGIK.200;60f09523-3b8a-4b99-b112-9f6b6cf3c982;2012-09-27T08:13:53+02:00;POW;1426;siedlecki;;;NZN;0.00000000000;;;6        NZN;;2020/12/09;160348.00000000000;0000000000EGIB;1426;;;0.00000000000;13879.00000000000;0.00000000000;829111;UZG;;AKTUALNY;;
PL.PZGIK.200;0be630fb-6221-441d-ae7e-a47db756834b;2012-09-27T08:13:53+02:00;POW;1427;sierpecki;;;NZN;0.00000000000;;;6        NZN;;2020/12/09;85204.00000000000;0000000000EGIB;1427;;;0.00000000000;13879.00000000000;0.00000000000;829112;UZG;;AKTUALNY;;
PL.PZGIK.200;37611728-15db-4f04-9740-aaceff8e4a86;2012-09-27T08:13:53+02:00;POW;1429;soko³owski;;;NZN;0.00000000000;;;6        NZN;;2020/12/09;113117.00000000000;0000000000EGIB;1429;;;0.00000000000;13879.00000000000;0.00000000000;829113;UZG;;AKTUALNY;;
PL.PZGIK.200;c3ff7aa2-2052-44ec-aa0d-8b78c0c49e44;2012-09-27T08:13:53+02:00;POW;1428;sochaczewski;;;NZN;0.00000000000;;;6        NZN;;2020/12/09;73480.00000000000;0000000000EGIB;1428;;;0.00000000000;13879.00000000000;0.00000000000;829114;UZG;;AKTUALNY;;
PL.PZGIK.200;6f683b5e-f4c8-4c54-a428-c4260b5bc947;2012-09-27T08:13:53+02:00;POW;1430;szyd³owiecki;;;NZN;0.00000000000;;;6        NZN;;2020/12/09;45181.00000000000;0000000000EGIB;1430;;;0.00000000000;13879.00000000000;0.00000000000;829115;UZG;;AKTUALNY;;
PL.PZGIK.200;22810a72-1b4e-46b7-b9f8-bfdc66e42f22;2012-09-27T08:13:53+02:00;POW;1432;warszawski zachodni;;;NZN;0.00000000000;;;6        NZN;;2020/12/09;53379.00000000000;0000000000EGIB;1432;;;0.00000000000;13879.00000000000;0.00000000000;829116;UZG;;AKTUALNY;;
PL.PZGIK.200;3c84a30f-d8cd-484b-8a8a-8e62b27affae;2012-09-27T08:13:53+02:00;POW;1433;wêgrowski;;;NZN;0.00000000000;;;6        NZN;;2020/12/09;122076.00000000000;0000000000EGIB;1433;;;0.00000000000;13879.00000000000;0.00000000000;829117;UZG;;AKTUALNY;;
PL.PZGIK.200;bc95b07d-a00c-456a-9ff4-93d83ae7a3a6;2012-09-27T08:13:53+02:00;POW;1462;P³ock;;;NZN;0.00000000000;;;6        NZN;;2020/12/09;8804.00000000000;0000000000EGIB;1462;;;0.00000000000;13879.00000000000;0.00000000000;829133;UZG;;AKTUALNY;;
PL.PZGIK.200;2a52ff3b-6f43-4385-a9b6-8b7ad0961028;2012-09-27T08:13:53+02:00;POW;1401;bia³obrzeski;;;NZN;0.00000000000;;;6        NZN;;2020/12/09;63910.00000000000;0000000000EGIB;1401;;;0.00000000000;13879.00000000000;0.00000000000;829118;UZG;;AKTUALNY;;
PL.PZGIK.200;9865a510-1a08-480c-b92b-f970f582af66;2012-09-27T08:13:53+02:00;POW;1402;ciechanowski;;;NZN;0.00000000000;;;6        NZN;;2020/12/09;105980.00000000000;0000000000EGIB;1402;;;0.00000000000;13879.00000000000;0.00000000000;829119;UZG;;AKTUALNY;;
PL.PZGIK.200;900f7dfa-9e58-4706-a62e-cf8837b367ab;2012-09-27T08:13:53+02:00;POW;1403;garwoliñski;;;NZN;0.00000000000;;;6        NZN;;2020/12/09;128483.00000000000;0000000000EGIB;1403;;;0.00000000000;13879.00000000000;0.00000000000;829120;UZG;;AKTUALNY;;
PL.PZGIK.200;e7dfba34-48fe-4274-9cb0-abcc6ff01654;2012-09-27T08:13:53+02:00;POW;1404;gostyniñski;;;NZN;0.00000000000;;;6        NZN;;2020/12/09;61481.00000000000;0000000000EGIB;1404;;;0.00000000000;13879.00000000000;0.00000000000;829121;UZG;;AKTUALNY;;
PL.PZGIK.200;5c1e181f-3b0f-46f6-8c94-8610f98e8e1b;2012-09-27T08:13:53+02:00;POW;1405;grodziski;;;NZN;0.00000000000;;;6        NZN;;2020/12/09;36704.00000000000;0000000000EGIB;1405;;;0.00000000000;13879.00000000000;0.00000000000;829122;UZG;;AKTUALNY;;
PL.PZGIK.200;1902b89c-e533-4c1e-957c-87f29075df06;2012-09-27T08:13:53+02:00;POW;1406;grójecki;;;NZN;0.00000000000;;;6        NZN;;2020/12/09;126773.00000000000;0000000000EGIB;1406;;;0.00000000000;13879.00000000000;0.00000000000;829123;UZG;;AKTUALNY;;
PL.PZGIK.200;e11a1507-ec34-4cf5-a5fc-f557ede188aa;2012-09-27T08:13:53+02:00;POW;1407;kozienicki;;;NZN;0.00000000000;;;6        NZN;;2020/12/09;91610.00000000000;0000000000EGIB;1407;;;0.00000000000;13879.00000000000;0.00000000000;829124;UZG;;AKTUALNY;;
PL.PZGIK.200;b6830ad0-d491-40c3-b2f6-f9a35c467d34;2012-09-27T08:13:53+02:00;POW;1436;zwoleñski;;;NZN;0.00000000000;;;6        NZN;;2020/12/09;57330.00000000000;0000000000EGIB;1436;;;0.00000000000;13879.00000000000;0.00000000000;829125;UZG;;AKTUALNY;;
PL.PZGIK.200;9fe489f4-9be5-4b8b-adf6-ecbf7c9cff62;2012-09-27T08:13:53+02:00;POW;1408;legionowski;;;NZN;0.00000000000;;1899/12/30;6        NZN;;2020/12/09;39076.00000000000;0000000000EGIB;1408;;;0.00000000000;13879.00000000000;0.00000000000;829126;UZG;;AKTUALNY;;
PL.PZGIK.200;ba9c16c6-9bb2-4493-ac50-c73cd65030ab;2012-09-27T08:13:53+02:00;POW;1409;lipski;;;NZN;0.00000000000;;;6        NZN;;2020/12/09;74022.00000000000;0000000000EGIB;1409;;;0.00000000000;13879.00000000000;0.00000000000;829127;UZG;;AKTUALNY;;
PL.PZGIK.200;6a5d05b9-a6e5-4606-b5cb-f63c063ea45d;2012-09-27T08:13:53+02:00;POW;1434;wo³omiñski;;;NZN;0.00000000000;;1899/12/30;6        NZN;;2020/12/09;95356.00000000000;0000000000EGIB;1434;;;0.00000000000;13879.00000000000;0.00000000000;829128;UZG;;AKTUALNY;;
PL.PZGIK.200;b473a4ae-71be-4c2f-812b-8aaa157da8ee;2012-09-27T08:13:53+02:00;POW;1435;wyszkowski;;;NZN;0.00000000000;;;6        NZN;;2020/12/09;87643.00000000000;0000000000EGIB;1435;;;0.00000000000;13879.00000000000;0.00000000000;829129;UZG;;AKTUALNY;;
PL.PZGIK.200;0f999392-0866-4797-b02f-9bb8079ab19e;2012-09-27T08:13:53+02:00;POW;1437;¿uromiñski;;;NZN;0.00000000000;;;6        NZN;;2020/12/09;80660.00000000000;0000000000EGIB;1437;;;0.00000000000;13879.00000000000;0.00000000000;829130;UZG;;AKTUALNY;;
PL.PZGIK.200;845d9522-06aa-4ba2-81b5-e39f63fafd1f;2012-09-27T08:58:33+02:00;POW;1607;nyski;;;NZN;0.00000000000;;;6        NZN;;2020/12/09;122388.00000000000;0000000000EGIB;1607;;;0.00000000000;13880.00000000000;0.00000000000;829142;UZG;;AKTUALNY;;
PL.PZGIK.200;46bb9853-3179-46f3-abd1-c72e1a16ec6a;2012-09-27T08:58:33+02:00;POW;1608;oleski;;;NZN;0.00000000000;;;6        NZN;;2020/12/09;97338.00000000000;0000000000EGIB;1608;;;0.00000000000;13880.00000000000;0.00000000000;829143;UZG;;AKTUALNY;;
PL.PZGIK.200;2cb9f766-42de-4147-8a13-eb46789dca16;2012-09-27T08:58:33+02:00;POW;1611;strzelecki;;;NZN;0.00000000000;;;6        NZN;;2020/12/09;74427.00000000000;0000000000EGIB;1611;;;0.00000000000;13880.00000000000;0.00000000000;829146;UZG;;AKTUALNY;;
PL.PZGIK.200;f9799d11-3cc7-4052-a147-fe36809d2d68;2012-09-27T08:58:33+02:00;POW;1661;Opole;;;NZN;0.00000000000;;;6        NZN;;2020/12/09;14888.00000000000;0000000000EGIB;1661;;;0.00000000000;13880.00000000000;0.00000000000;829147;UZG;;AKTUALNY;;
PL.PZGIK.200;fdc38cc1-e6ce-422b-abb7-b211cc2c60ec;2012-09-27T08:58:33+02:00;POW;1602;g³ubczycki;;;NZN;0.00000000000;;;6        NZN;;2020/12/09;67263.00000000000;0000000000EGIB;1602;;;0.00000000000;13880.00000000000;0.00000000000;829137;UZG;;AKTUALNY;;
PL.PZGIK.200;e220ff54-0cb8-4fc9-99ee-89724f647687;2012-09-27T08:58:33+02:00;POW;1605;krapkowicki;;;NZN;0.00000000000;;;6        NZN;;2020/12/09;44180.00000000000;0000000000EGIB;1605;;;0.00000000000;13880.00000000000;0.00000000000;829140;UZG;;AKTUALNY;;
PL.PZGIK.200;daf9e891-7d0e-4d5d-8a52-c089fec37640;2012-09-27T08:58:33+02:00;POW;1601;brzeski;;;NZN;0.00000000000;;;6        NZN;;2020/12/09;87596.00000000000;0000000000EGIB;1601;;;0.00000000000;13880.00000000000;0.00000000000;829148;UZG;;AKTUALNY;;
PL.PZGIK.200;7cbdc34b-4beb-4fc6-8ffa-9ada7810cc65;2012-09-27T08:58:33+02:00;POW;1606;namys³owski;;;NZN;0.00000000000;;;6        NZN;;2020/12/09;74818.00000000000;0000000000EGIB;1606;;;0.00000000000;13880.00000000000;0.00000000000;829141;UZG;;AKTUALNY;;
PL.PZGIK.200;ff9b8c70-7c02-4591-afbb-b9845ca57b26;2012-09-27T08:58:33+02:00;POW;1610;prudnicki;;;NZN;0.00000000000;;;6        NZN;;2020/12/09;57155.00000000000;0000000000EGIB;1610;;;0.00000000000;13880.00000000000;0.00000000000;829145;UZG;;AKTUALNY;;
PL.PZGIK.200;457aa2e8-c963-4adb-b024-813062e39434;2012-09-27T08:58:33+02:00;POW;1603;kêdzierzyñsko-kozielski;;;NZN;0.00000000000;;;6        NZN;;2020/12/09;62513.00000000000;0000000000EGIB;1603;;;0.00000000000;13880.00000000000;0.00000000000;829138;UZG;;AKTUALNY;;
PL.PZGIK.200;42bac274-e6cf-4248-97e8-e2e4edb05adb;2012-09-27T08:58:33+02:00;POW;1604;kluczborski;;;NZN;0.00000000000;;;6        NZN;;2020/12/09;85191.00000000000;0000000000EGIB;1604;;;0.00000000000;13880.00000000000;0.00000000000;829139;UZG;;AKTUALNY;;
PL.PZGIK.200;1da0ca63-52c4-4e1d-869f-b591c1e264b6;2012-09-27T08:58:33+02:00;POW;1609;opolski;;;NZN;0.00000000000;1899/12/30;1899/12/30;6        NZN;1899/12/30;2020/12/09;153430.00000000000;0000000000EGIB;1609;;;0.00000000000;13880.00000000000;0.00000000000;829144;UZG;;AKTUALNY;;
PL.PZGIK.200;f87cae01-4621-41f4-b768-c777cf94d1d8;2012-09-27T08:01:01+02:00;POW;1812;ni¿añski;;;NZN;0.00000000000;;;6        NZN;;2020/12/09;78564.00000000000;0000000000EGIB;1812;;;0.00000000000;13878.00000000000;0.00000000000;829081;UZG;;AKTUALNY;;
PL.PZGIK.200;f322275e-1c48-431f-889e-8bb0ccb46e81;2012-09-27T08:01:01+02:00;POW;1813;przemyski;;;NZN;0.00000000000;;;6        NZN;;2020/12/09;121122.00000000000;0000000000EGIB;1813;;;0.00000000000;13878.00000000000;0.00000000000;829082;UZG;;AKTUALNY;;
PL.PZGIK.200;59e7c5a7-8597-4c55-812a-b30932c08dd2;2012-09-27T08:01:01+02:00;POW;1814;przeworski;;;NZN;0.00000000000;;;6        NZN;;2020/12/09;69802.00000000000;0000000000EGIB;1814;;;0.00000000000;13878.00000000000;0.00000000000;829083;UZG;;AKTUALNY;;
PL.PZGIK.200;e86b1e71-8958-42ee-bec5-ca3c87907bc8;2012-09-27T08:01:01+02:00;POW;1815;ropczycko-sêdziszowski;;;NZN;0.00000000000;;;6        NZN;;2020/12/09;54831.00000000000;0000000000EGIB;1815;;;0.00000000000;13878.00000000000;0.00000000000;829084;UZG;;AKTUALNY;;
PL.PZGIK.200;7f2af54d-150f-4b9f-b9fb-d2ce1b04166e;2012-09-27T08:01:01+02:00;POW;1816;rzeszowski;;;NZN;0.00000000000;;;6        NZN;;2020/12/09;115333.00000000000;0000000000EGIB;1816;;;0.00000000000;13878.00000000000;0.00000000000;829085;UZG;;AKTUALNY;;
PL.PZGIK.200;12eb1323-4957-4dae-8cba-92aca864bd69;2012-09-27T08:01:01+02:00;POW;1818;stalowowolski;;;NZN;0.00000000000;;;6        NZN;;2020/12/09;83174.00000000000;0000000000EGIB;1818;;;0.00000000000;13878.00000000000;0.00000000000;829087;UZG;;AKTUALNY;;
PL.PZGIK.200;fa694811-8438-4a7c-a5c7-d66a2f051a1b;2012-09-27T08:01:01+02:00;POW;1819;strzy¿owski;;;NZN;0.00000000000;;;6        NZN;;2020/12/09;50347.00000000000;0000000000EGIB;1819;;;0.00000000000;13878.00000000000;0.00000000000;829088;UZG;;AKTUALNY;;
PL.PZGIK.200;c030b5a4-f5da-44e9-9ced-95005478a236;2012-09-27T08:01:01+02:00;POW;1820;tarnobrzeski;;;NZN;0.00000000000;;;6        NZN;;2020/12/09;52106.00000000000;0000000000EGIB;1820;;;0.00000000000;13878.00000000000;0.00000000000;829089;UZG;;AKTUALNY;;
PL.PZGIK.200;8958f2fe-1765-441b-a5e0-852773911e99;2012-09-27T08:01:01+02:00;POW;1821;leski;;;NZN;0.00000000000;;;6        NZN;;2020/12/09;83494.00000000000;0000000000EGIB;1821;;;0.00000000000;13878.00000000000;0.00000000000;829090;UZG;;AKTUALNY;;
PL.PZGIK.200;2d66b1b1-bfc9-44b1-956e-8990987c5777;2012-09-27T08:01:01+02:00;POW;1861;Krosno;;;NZN;0.00000000000;;;6        NZN;;2020/12/09;4350.00000000000;0000000000EGIB;1861;;;0.00000000000;13878.00000000000;0.00000000000;829091;UZG;;AKTUALNY;;
PL.PZGIK.200;339c0b81-56bf-4cc2-a84b-b9888352e042;2012-09-27T08:01:01+02:00;POW;1863;Rzeszów;;;NZN;0.00000000000;;;6        NZN;;2020/12/09;12041.00000000000;0000000000EGIB;1863;;;0.00000000000;13878.00000000000;0.00000000000;829092;UZG;;AKTUALNY;;
PL.PZGIK.200;f4da5f0e-4820-4fc4-8733-89ea3e995ffc;2012-09-27T08:01:01+02:00;POW;1862;Przemyœl;;;NZN;0.00000000000;;;6        NZN;;2020/12/09;4617.00000000000;0000000000EGIB;1862;;;0.00000000000;13878.00000000000;0.00000000000;829093;UZG;;AKTUALNY;;
PL.PZGIK.200;87b0548b-6fb1-4749-be14-8d7aa8c35944;2012-09-27T08:01:01+02:00;POW;1864;Tarnobrzeg;;;NZN;0.00000000000;;;6        NZN;;2020/12/09;8540.00000000000;0000000000EGIB;1864;;;0.00000000000;13878.00000000000;0.00000000000;829094;UZG;;AKTUALNY;;
PL.PZGIK.200;5e18c93d-2b1b-4164-9ed8-bb5a97fb78b6;2012-09-27T08:01:01+02:00;POW;1802;brzozowski;;;NZN;0.00000000000;;;6        NZN;;2020/12/09;53934.00000000000;0000000000EGIB;1802;;;0.00000000000;13878.00000000000;0.00000000000;829070;UZG;;AKTUALNY;;
PL.PZGIK.200;264b1811-d015-4e4b-9a9b-959721422bb2;2012-09-27T08:01:01+02:00;POW;1801;bieszczadzki;;;NZN;0.00000000000;;;6        NZN;;2020/12/09;113907.00000000000;0000000000EGIB;1801;;;0.00000000000;13878.00000000000;0.00000000000;829071;UZG;;AKTUALNY;;
PL.PZGIK.200;5d56a379-ad83-47b3-9aa4-e7188cf79742;2012-09-27T08:01:01+02:00;POW;1803;dêbicki;;;NZN;0.00000000000;;;6        NZN;;2020/12/09;77748.00000000000;0000000000EGIB;1803;;;0.00000000000;13878.00000000000;0.00000000000;829072;UZG;;AKTUALNY;;
PL.PZGIK.200;7dd14e89-f415-4bd1-be2f-94be82fe2572;2012-09-27T08:01:01+02:00;POW;1804;jaros³awski;;;NZN;0.00000000000;;;6        NZN;;2020/12/09;102866.00000000000;0000000000EGIB;1804;;;0.00000000000;13878.00000000000;0.00000000000;829073;UZG;;AKTUALNY;;
PL.PZGIK.200;b78b9672-2649-4ac1-97bd-cf203d4ca7af;2012-09-27T08:01:01+02:00;POW;1806;kolbuszowski;;;NZN;0.00000000000;;;6        NZN;;2020/12/09;77317.00000000000;0000000000EGIB;1806;;;0.00000000000;13878.00000000000;0.00000000000;829074;UZG;;AKTUALNY;;
PL.PZGIK.200;44c38c19-27ce-4c07-9a4b-b77eaa3b9791;2012-09-27T08:01:01+02:00;POW;1805;jasielski;;;NZN;0.00000000000;;;6        NZN;;2020/12/09;83087.00000000000;0000000000EGIB;1805;;;0.00000000000;13878.00000000000;0.00000000000;829075;UZG;;AKTUALNY;;
PL.PZGIK.200;798ef296-2055-4890-993f-d414c67164ab;2012-09-27T08:01:01+02:00;POW;1807;kroœnieñski;;;NZN;0.00000000000;1899/12/30;1899/12/30;6        NZN;1899/12/30;2020/12/09;99311.00000000000;0000000000EGIB;1807;;;0.00000000000;13878.00000000000;0.00000000000;829076;UZG;;AKTUALNY;;
PL.PZGIK.200;4835d34d-ab56-47e8-bb0e-b26aa0b82825;2012-09-27T08:01:01+02:00;POW;1808;le¿ajski;;;NZN;0.00000000000;;;6        NZN;;2020/12/09;58371.00000000000;0000000000EGIB;1808;;;0.00000000000;13878.00000000000;0.00000000000;829077;UZG;;AKTUALNY;;
PL.PZGIK.200;cbda7396-a9b3-434f-b819-bee9c24d7738;2012-09-27T08:01:01+02:00;POW;1809;lubaczowski;;;NZN;0.00000000000;;;6        NZN;;2020/12/09;130837.00000000000;0000000000EGIB;1809;;;0.00000000000;13878.00000000000;0.00000000000;829078;UZG;;AKTUALNY;;
PL.PZGIK.200;5533017c-cd50-4576-804b-b958e833c6ee;2012-09-27T08:01:01+02:00;POW;1810;³añcucki;;;NZN;0.00000000000;;;6        NZN;;2020/12/09;45184.00000000000;0000000000EGIB;1810;;;0.00000000000;13878.00000000000;0.00000000000;829079;UZG;;AKTUALNY;;
PL.PZGIK.200;3f4de0d6-42c9-4507-b007-95a57f0797b9;2012-09-27T08:01:01+02:00;POW;1811;mielecki;;;NZN;0.00000000000;;;6        NZN;;2020/12/09;88050.00000000000;0000000000EGIB;1811;;;0.00000000000;13878.00000000000;0.00000000000;829080;UZG;;AKTUALNY;;
PL.PZGIK.200;00d02105-cbd3-45ef-837b-ea0fa86bf60c;2012-09-27T08:01:01+02:00;POW;1817;sanocki;;;NZN;0.00000000000;1899/12/30;1899/12/30;6        NZN;1899/12/30;2020/12/09;115643.00000000000;0000000000EGIB;1817;;;0.00000000000;13878.00000000000;0.00000000000;829086;UZG;;AKTUALNY;;
PL.PZGIK.200;46c53311-3b2d-4273-87c6-92817f4b877e;2012-09-27T09:26:09+02:00;POW;2001;augustowski;;;NZN;0.00000000000;;;6        NZN;;2020/12/09;165939.00000000000;0000000000EGIB;2001;;;0.00000000000;13882.00000000000;0.00000000000;829184;UZG;;AKTUALNY;;
PL.PZGIK.200;c41931d3-4548-44da-b120-b57d20afe592;2012-09-27T09:26:09+02:00;POW;2002;bia³ostocki;;;NZN;0.00000000000;;;6        NZN;;2020/12/09;297644.00000000000;0000000000EGIB;2002;;;0.00000000000;13882.00000000000;0.00000000000;829185;UZG;;AKTUALNY;;
PL.PZGIK.200;08e0d9b0-9410-4ac7-a986-8439e6a5100b;2012-09-27T09:26:09+02:00;POW;2009;sejneñski;;;NZN;0.00000000000;;;6        NZN;;2020/12/09;85517.00000000000;0000000000EGIB;2009;;;0.00000000000;13882.00000000000;0.00000000000;829193;UZG;;AKTUALNY;;
PL.PZGIK.200;7de4ed9f-e2ea-4456-9248-bc81a2b79294;2012-09-27T09:26:09+02:00;POW;2008;moniecki;;;NZN;0.00000000000;;;6        NZN;;2020/12/09;138179.00000000000;0000000000EGIB;2008;;;0.00000000000;13882.00000000000;0.00000000000;829191;UZG;;AKTUALNY;;
PL.PZGIK.200;36c11217-5f6d-45d7-89bc-c877a26794dc;2012-09-27T09:26:09+02:00;POW;2013;wysokomazowiecki;;;NZN;0.00000000000;;;6        NZN;;2020/12/09;128891.00000000000;0000000000EGIB;2013;;;0.00000000000;13882.00000000000;0.00000000000;829196;UZG;;AKTUALNY;;
PL.PZGIK.200;7883d398-b0cc-4707-85ce-9e5ff5329408;2012-09-27T09:26:09+02:00;POW;2063;Suwa³ki;;;NZN;0.00000000000;;;6        NZN;;2020/12/09;6551.00000000000;0000000000EGIB;2063;;;0.00000000000;13882.00000000000;0.00000000000;829197;UZG;;AKTUALNY;;
PL.PZGIK.200;cfdb1da1-997c-4c78-a92e-b0fe46a4ef65;2012-09-27T09:26:09+02:00;POW;2011;sokólski;;;NZN;0.00000000000;;;6        NZN;;2020/12/09;205450.00000000000;0000000000EGIB;2011;;;0.00000000000;13882.00000000000;0.00000000000;829194;UZG;;AKTUALNY;;
PL.PZGIK.200;c94e8a4b-59c3-4fd6-965b-c5a47758b879;2012-09-27T09:26:09+02:00;POW;2014;zambrowski;;;NZN;0.00000000000;;;6        NZN;;2020/12/09;73312.00000000000;0000000000EGIB;2014;;;0.00000000000;13882.00000000000;0.00000000000;829198;UZG;;AKTUALNY;;
PL.PZGIK.200;495a2fe7-0752-4286-ae90-ba3d353deab4;2012-09-27T09:26:09+02:00;POW;2061;Bia³ystok;;;NZN;0.00000000000;;;6        NZN;;2020/12/09;10213.00000000000;0000000000EGIB;2061;;;0.00000000000;13882.00000000000;0.00000000000;829199;UZG;;AKTUALNY;;
PL.PZGIK.200;369919c1-3696-4542-ab7f-f52566d382f5;2012-09-27T09:26:09+02:00;POW;2005;hajnowski;;;NZN;0.00000000000;;;6        NZN;;2020/12/09;162353.00000000000;0000000000EGIB;2005;;;0.00000000000;13882.00000000000;0.00000000000;829188;UZG;;AKTUALNY;;
PL.PZGIK.200;91df982d-e4f0-4eb3-9f5c-a666d5eb9c5d;2012-09-27T09:26:09+02:00;POW;2010;siemiatycki;;;NZN;0.00000000000;;;6        NZN;;2020/12/09;145946.00000000000;0000000000EGIB;2010;;;0.00000000000;13882.00000000000;0.00000000000;829192;UZG;;AKTUALNY;;
PL.PZGIK.200;409d7d55-3ec7-48fc-b67f-dc58de8f4566;2012-09-27T09:26:09+02:00;POW;2003;bielski;;;NZN;0.00000000000;;;6        NZN;;2020/12/09;138509.00000000000;0000000000EGIB;2003;;;0.00000000000;13882.00000000000;0.00000000000;829186;UZG;;AKTUALNY;;
PL.PZGIK.200;42112cf8-d0ef-4606-885f-a0619ee96f53;2012-09-27T09:26:09+02:00;POW;2006;kolneñski;;;NZN;0.00000000000;;;6        NZN;;2020/12/09;94010.00000000000;0000000000EGIB;2006;;;0.00000000000;13882.00000000000;0.00000000000;829189;UZG;;AKTUALNY;;
PL.PZGIK.200;dfbb71bf-ffb3-49fa-ada6-d2bafbbec1d8;2012-09-27T09:26:09+02:00;POW;2007;³om¿yñski;;;NZN;0.00000000000;;;6        NZN;;2020/12/09;135459.00000000000;0000000000EGIB;2007;;;0.00000000000;13882.00000000000;0.00000000000;829190;UZG;;AKTUALNY;;
PL.PZGIK.200;25b14db9-6719-43ec-a858-a14cb7f7f1eb;2012-09-27T09:26:09+02:00;POW;2062;£om¿a;;;NZN;0.00000000000;;;6        NZN;;2020/12/09;3267.00000000000;0000000000EGIB;2062;;;0.00000000000;13882.00000000000;0.00000000000;829200;UZG;;AKTUALNY;;
PL.PZGIK.200;617d8c92-7cef-423d-bc3c-9753ef5a6aa3;2012-09-27T09:26:09+02:00;POW;2004;grajewski;;;NZN;0.00000000000;;;6        NZN;;2020/12/09;96762.00000000000;0000000000EGIB;2004;;;0.00000000000;13882.00000000000;0.00000000000;829187;UZG;;AKTUALNY;;
PL.PZGIK.200;ca2d03cb-0fdf-4583-92a3-bc7308f4508f;2012-09-27T09:26:09+02:00;POW;2012;suwalski;;;NZN;0.00000000000;;;6        NZN;;2020/12/09;130700.00000000000;0000000000EGIB;2012;;;0.00000000000;13882.00000000000;0.00000000000;829195;UZG;;AKTUALNY;;
PL.PZGIK.200;bb22c23d-48d7-469c-9cab-e130c0afc0ef;2012-09-27T09:33:51+02:00;POW;2212;s³upski;;;NZN;0.00000000000;;;6        NZN;;2020/12/09;230424.00000000000;0000000000EGIB;2212;;;0.00000000000;13884.00000000000;0.00000000000;829226;UZG;;AKTUALNY;;
PL.PZGIK.200;d30447be-a272-41a0-81e0-a3880afb446c;2012-09-27T09:33:51+02:00;POW;2216;sztumski;;;NZN;0.00000000000;;;6        NZN;;2020/12/09;73074.00000000000;0000000000EGIB;2216;;;0.00000000000;13884.00000000000;0.00000000000;829231;UZG;;AKTUALNY;;
PL.PZGIK.200;26701ba6-99f2-4e59-bb04-b4aa7b973ba8;2012-09-27T09:33:51+02:00;POW;2202;chojnicki;;;NZN;0.00000000000;;;6        NZN;;2020/12/09;136421.00000000000;0000000000EGIB;2202;;;0.00000000000;13884.00000000000;0.00000000000;829217;UZG;;AKTUALNY;;
PL.PZGIK.200;a103670f-14b0-49b4-9984-e499dd7fb32e;2012-09-27T09:33:51+02:00;POW;2203;cz³uchowski;;;NZN;0.00000000000;;;6        NZN;;2020/12/09;157527.00000000000;0000000000EGIB;2203;;;0.00000000000;13884.00000000000;0.00000000000;829218;UZG;;AKTUALNY;;
PL.PZGIK.200;f4ba051f-f3e2-4074-b9c2-9bd3d3939333;2012-09-27T09:33:51+02:00;POW;2207;kwidzyñski;;;NZN;0.00000000000;;;6        NZN;;2020/12/09;83470.00000000000;0000000000EGIB;2207;;;0.00000000000;13884.00000000000;0.00000000000;829234;UZG;;AKTUALNY;;
PL.PZGIK.200;7a6a2d74-044e-4120-b966-dee790e1f135;2012-09-27T09:33:51+02:00;POW;2263;S³upsk;;;NZN;0.00000000000;;;6        NZN;;2020/12/09;4315.00000000000;0000000000EGIB;2263;;;0.00000000000;13884.00000000000;0.00000000000;829227;UZG;;AKTUALNY;;
PL.PZGIK.200;caee2f73-5e2b-42b5-8bd9-9f3741b460d5;2012-09-27T09:33:51+02:00;POW;2213;starogardzki;;;NZN;0.00000000000;;;6        NZN;;2020/12/09;134534.00000000000;0000000000EGIB;2213;;;0.00000000000;13884.00000000000;0.00000000000;829228;UZG;;AKTUALNY;;
PL.PZGIK.200;44ae8851-773f-4c90-8c57-a123f89b8626;2012-09-27T09:33:51+02:00;POW;2214;tczewski;;;NZN;0.00000000000;;;6        NZN;;2020/12/09;69711.00000000000;0000000000EGIB;2214;;;0.00000000000;13884.00000000000;0.00000000000;829229;UZG;;AKTUALNY;;
PL.PZGIK.200;2249144d-a152-435b-b1e2-c2c11fbcc0b2;2012-09-27T09:33:51+02:00;POW;2209;malborski;;;NZN;0.00000000000;;;6        NZN;;2020/12/09;49423.00000000000;0000000000EGIB;2209;;;0.00000000000;13884.00000000000;0.00000000000;829223;UZG;;AKTUALNY;;
PL.PZGIK.200;9579f1c6-aa5a-4899-bf6d-80abfff0bde9;2012-09-27T09:33:51+02:00;POW;2210;nowodworski;;;NZN;0.00000000000;;;6        NZN;;2020/12/09;67153.00000000000;0000000000EGIB;2210;;;0.00000000000;13884.00000000000;0.00000000000;829224;UZG;;AKTUALNY;;
PL.PZGIK.200;e2a3062e-6769-4642-9ca9-cbdeebbf5034;2012-09-27T09:33:51+02:00;POW;2201;bytowski;;;NZN;0.00000000000;;;6        NZN;;2020/12/09;219207.00000000000;0000000000EGIB;2201;;;0.00000000000;13884.00000000000;0.00000000000;829216;UZG;;AKTUALNY;;
PL.PZGIK.200;8cea8b47-9b83-4eed-8a64-ce29d22ea7e8;2012-09-27T09:33:51+02:00;POW;2204;gdañski;;;NZN;0.00000000000;;;6        NZN;;2020/12/09;79375.00000000000;0000000000EGIB;2204;;;0.00000000000;13884.00000000000;0.00000000000;829219;UZG;;AKTUALNY;;
PL.PZGIK.200;b8605dfe-9922-4df2-9142-da836fb49b1c;2012-09-27T09:33:51+02:00;POW;2208;lêborski;;;NZN;0.00000000000;;;6        NZN;;2020/12/09;70602.00000000000;0000000000EGIB;2208;;;0.00000000000;13884.00000000000;0.00000000000;829220;UZG;;AKTUALNY;;
PL.PZGIK.200;5abcd674-cb07-4f48-bd7c-d098c05ecd6d;2012-09-27T09:33:51+02:00;POW;2206;koœcierski;;;NZN;0.00000000000;;;6        NZN;;2020/12/09;116567.00000000000;0000000000EGIB;2206;;;0.00000000000;13884.00000000000;0.00000000000;829222;UZG;;AKTUALNY;;
PL.PZGIK.200;73b5670a-fff9-42bb-84aa-ee38ce582518;2012-09-27T09:34:20+02:00;POW;2475;Sosnowiec;;;NZN;0.00000000000;;;6        NZN;;2020/12/09;9106.00000000000;0000000000EGIB;2475;;;0.00000000000;13885.00000000000;0.00000000000;829235;UZG;;AKTUALNY;;
PL.PZGIK.200;4c000899-b81d-4b23-aae2-e4aa8af755ef;2012-09-27T09:34:20+02:00;POW;2406;k³obucki;;;NZN;0.00000000000;;;6        NZN;;2020/12/09;88859.00000000000;0000000000EGIB;2406;;;0.00000000000;13885.00000000000;0.00000000000;829236;UZG;;AKTUALNY;;
PL.PZGIK.200;6b32441a-4fce-4379-8626-fae9d7935133;2012-09-27T09:34:20+02:00;POW;2405;gliwicki;;;NZN;0.00000000000;;;6        NZN;;2020/12/09;66437.00000000000;0000000000EGIB;2405;;;0.00000000000;13885.00000000000;0.00000000000;829237;UZG;;AKTUALNY;;
PL.PZGIK.200;83a775fc-d56d-4b3d-999f-f07d8b5e10e5;2012-09-27T09:34:20+02:00;POW;2407;lubliniecki;;;NZN;0.00000000000;;;6        NZN;;2020/12/09;82225.00000000000;0000000000EGIB;2407;;;0.00000000000;13885.00000000000;0.00000000000;829238;UZG;;AKTUALNY;;
PL.PZGIK.200;c688a2b1-b8c2-4926-aa87-b2578518ede5;2012-09-27T09:34:20+02:00;POW;2408;miko³owski;;;NZN;0.00000000000;;;6        NZN;;2020/12/09;23310.00000000000;0000000000EGIB;2408;;;0.00000000000;13885.00000000000;0.00000000000;829239;UZG;;AKTUALNY;;
PL.PZGIK.200;84af16e4-82b9-4f34-a6a2-be81f68f8753;2012-09-27T09:34:20+02:00;POW;2409;myszkowski;;;NZN;0.00000000000;;;6        NZN;;2020/12/09;47925.00000000000;0000000000EGIB;2409;;;0.00000000000;13885.00000000000;0.00000000000;829240;UZG;;AKTUALNY;;
PL.PZGIK.200;e37b71a8-f9bb-4c8b-9d27-a642715c638e;2012-09-27T09:34:20+02:00;POW;2474;Siemianowice Œl¹skie;;;NZN;0.00000000000;;;6        NZN;;2020/12/09;2550.00000000000;0000000000EGIB;2474;;;0.00000000000;13885.00000000000;0.00000000000;829262;UZG;;AKTUALNY;;
PL.PZGIK.200;d9c414e5-ae38-4073-83e4-9e3cfb5add82;2012-09-27T09:34:20+02:00;POW;2410;pszczyñski;;;NZN;0.00000000000;;1899/12/30;6        NZN;;2020/12/09;47116.00000000000;0000000000EGIB;2410;;;0.00000000000;13885.00000000000;0.00000000000;829241;UZG;;AKTUALNY;;
PL.PZGIK.200;41b7ccc8-219a-4b0e-8536-994521496c7c;2012-09-27T09:34:20+02:00;POW;2476;Œwiêtoch³owice;;;NZN;0.00000000000;;;6        NZN;;2020/12/09;1331.00000000000;0000000000EGIB;2476;;;0.00000000000;13885.00000000000;0.00000000000;829263;UZG;;AKTUALNY;;
PL.PZGIK.200;84b0d335-0b97-48f5-875f-f5aae0797195;2012-09-27T09:34:20+02:00;POW;2411;raciborski;;;NZN;0.00000000000;;;6        NZN;;2020/12/09;54376.00000000000;0000000000EGIB;2411;;;0.00000000000;13885.00000000000;0.00000000000;829242;UZG;;AKTUALNY;;
PL.PZGIK.200;d21e607b-b050-4798-bc91-efcbbc30c608;2012-09-27T09:34:20+02:00;POW;2477;Tychy;;;NZN;0.00000000000;;1899/12/30;6        NZN;;2020/12/09;8181.00000000000;0000000000EGIB;2477;;;0.00000000000;13885.00000000000;0.00000000000;829264;UZG;;AKTUALNY;;
PL.PZGIK.200;9c39e4bb-4685-437f-901b-96f664bc5c57;2012-09-27T09:34:20+02:00;POW;2412;rybnicki;;;NZN;0.00000000000;;;6        NZN;;2020/12/09;22364.00000000000;0000000000EGIB;2412;;;0.00000000000;13885.00000000000;0.00000000000;829243;UZG;;AKTUALNY;;
PL.PZGIK.200;46e00c62-03b5-4429-b5e9-b8f49af9d6bf;2012-09-27T09:34:20+02:00;POW;2478;Zabrze;;;NZN;0.00000000000;;;6        NZN;;2020/12/09;8040.00000000000;0000000000EGIB;2478;;;0.00000000000;13885.00000000000;0.00000000000;829265;UZG;;AKTUALNY;;
PL.PZGIK.200;18c7edcf-f96a-401c-adef-cc5477836a75;2012-09-27T09:34:20+02:00;POW;2479;¯ory;;;NZN;0.00000000000;;1899/12/30;6        NZN;;2020/12/09;6464.00000000000;0000000000EGIB;2479;;;0.00000000000;13885.00000000000;0.00000000000;829266;UZG;;AKTUALNY;;
PL.PZGIK.200;31d4fa5d-0690-4186-aada-f748386693b2;2012-09-27T09:34:20+02:00;POW;2413;tarnogórski;;;NZN;0.00000000000;;;6        NZN;;2020/12/09;64419.00000000000;0000000000EGIB;2413;;;0.00000000000;13885.00000000000;0.00000000000;829244;UZG;;AKTUALNY;;
PL.PZGIK.200;596dc935-5d17-4a9d-82d5-85d2d3890126;2012-09-27T09:34:20+02:00;POW;2414;bieruñsko-lêdziñski;;;NZN;0.00000000000;;;6        NZN;;2020/12/09;15815.00000000000;0000000000EGIB;2414;;;0.00000000000;13885.00000000000;0.00000000000;829245;UZG;;AKTUALNY;;
PL.PZGIK.200;e61989d1-83dc-46eb-ae23-eafe4c2d67ef;2012-09-27T09:34:20+02:00;POW;2402;bielski;;;NZN;0.00000000000;;;6        NZN;;2020/12/09;45864.00000000000;0000000000EGIB;2402;;;0.00000000000;13885.00000000000;0.00000000000;829267;UZG;;AKTUALNY;;
PL.PZGIK.200;3078fc9c-2cea-4585-b5af-ec191fa783e2;2012-09-27T09:34:20+02:00;POW;2401;bêdziñski;;;NZN;0.00000000000;;;6        NZN;;2020/12/09;36413.00000000000;0000000000EGIB;2401;;;0.00000000000;13885.00000000000;0.00000000000;829268;UZG;;AKTUALNY;;
PL.PZGIK.200;45733634-43de-469a-8481-a533d0560b32;2012-09-27T09:34:20+02:00;POW;2415;wodzis³awski;;;NZN;0.00000000000;;;6        NZN;;2020/12/09;28675.00000000000;0000000000EGIB;2415;;;0.00000000000;13885.00000000000;0.00000000000;829246;UZG;;AKTUALNY;;
PL.PZGIK.200;42d1201b-fa80-4649-9180-88c64a06a950;2012-09-27T09:34:20+02:00;POW;2416;zawierciañski;;;NZN;0.00000000000;;;6        NZN;;2020/12/09;100223.00000000000;0000000000EGIB;2416;;;0.00000000000;13885.00000000000;0.00000000000;829247;UZG;;AKTUALNY;;
PL.PZGIK.200;41d5d717-6c1d-4048-ad65-a66ef5659ff4;2012-09-27T09:34:20+02:00;POW;2403;cieszyñski;;;NZN;0.00000000000;;;6        NZN;;2020/12/09;73029.00000000000;0000000000EGIB;2403;;;0.00000000000;13885.00000000000;0.00000000000;829269;UZG;;AKTUALNY;;
PL.PZGIK.200;7237be71-45b8-4e22-8ff5-c4531d9927ee;2012-09-27T09:34:20+02:00;POW;2472;Ruda Œl¹ska;;;NZN;0.00000000000;;;6        NZN;;2020/12/09;7773.00000000000;0000000000EGIB;2472;;;0.00000000000;13885.00000000000;0.00000000000;829261;UZG;;AKTUALNY;;
PL.PZGIK.200;87a03da4-a657-452c-a8f0-aa66c86c06ac;2012-09-27T09:34:20+02:00;POW;2417;¿ywiecki;;;NZN;0.00000000000;;;6        NZN;;2020/12/09;104006.00000000000;0000000000EGIB;2417;;;0.00000000000;13885.00000000000;0.00000000000;829248;UZG;;AKTUALNY;;
PL.PZGIK.200;e061ae2d-f772-4190-82fc-9b09071f70bd;2012-09-27T09:34:20+02:00;POW;2467;Jastrzêbie-Zdrój;;;NZN;0.00000000000;;;6        NZN;;2020/12/09;8533.00000000000;0000000000EGIB;2467;;;0.00000000000;13885.00000000000;0.00000000000;829249;UZG;;AKTUALNY;;
PL.PZGIK.200;4c742151-2adc-43de-9a67-c6c1a26228f1;2012-09-27T09:34:20+02:00;POW;2463;Chorzów;;;NZN;0.00000000000;;;6        NZN;;2020/12/09;3324.00000000000;0000000000EGIB;2463;;;0.00000000000;13885.00000000000;0.00000000000;829250;UZG;;AKTUALNY;;
PL.PZGIK.200;9101ccce-72f5-4de8-9dfe-f52ff3d7f3a7;2012-09-27T09:34:20+02:00;POW;2461;Bielsko-Bia³a;;;NZN;0.00000000000;;;6        NZN;;2020/12/09;12451.00000000000;0000000000EGIB;2461;;;0.00000000000;13885.00000000000;0.00000000000;829251;UZG;;AKTUALNY;;
PL.PZGIK.200;80e3a455-2de8-437d-a859-a3548f926c8f;2012-09-27T09:34:20+02:00;POW;2462;Bytom;;;NZN;0.00000000000;;;6        NZN;;2020/12/09;6944.00000000000;0000000000EGIB;2462;;;0.00000000000;13885.00000000000;0.00000000000;829252;UZG;;AKTUALNY;;
PL.PZGIK.200;a5fef4e5-9579-460f-84e2-daa56282f29a;2012-09-27T09:34:20+02:00;POW;2404;czêstochowski;;;NZN;0.00000000000;;;6        NZN;;2020/12/09;152205.00000000000;0000000000EGIB;2404;;;0.00000000000;13885.00000000000;0.00000000000;829270;UZG;;AKTUALNY;;
PL.PZGIK.200;38783656-68a4-4068-aa64-c982dad3ddd5;2012-09-27T09:34:20+02:00;POW;2465;D¹browa Górnicza;;;NZN;0.00000000000;;;6        NZN;;2020/12/09;18873.00000000000;0000000000EGIB;2465;;;0.00000000000;13885.00000000000;0.00000000000;829253;UZG;;AKTUALNY;;
PL.PZGIK.200;e14206f5-a5e9-4365-8e22-df3b8a7950aa;2012-09-27T09:34:20+02:00;POW;2464;Czêstochowa;;;NZN;0.00000000000;;;6        NZN;;2020/12/09;15971.00000000000;0000000000EGIB;2464;;;0.00000000000;13885.00000000000;0.00000000000;829254;UZG;;AKTUALNY;;
PL.PZGIK.200;4fc52e6e-ffaa-41c9-9cad-c5c3aeb95991;2012-09-27T09:34:20+02:00;POW;2466;Gliwice;;;NZN;0.00000000000;;;6        NZN;;2020/12/09;13388.00000000000;0000000000EGIB;2466;;;0.00000000000;13885.00000000000;0.00000000000;829255;UZG;;AKTUALNY;;
PL.PZGIK.200;b9dd179d-4e94-4e51-bfaf-9ef45fa2ef30;2012-09-27T09:34:20+02:00;POW;2471;Piekary Œl¹skie;;;NZN;0.00000000000;;;6        NZN;;2020/12/09;3998.00000000000;0000000000EGIB;2471;;;0.00000000000;13885.00000000000;0.00000000000;829256;UZG;;AKTUALNY;;
PL.PZGIK.200;170dfb88-3789-4f86-a772-eec91b916aee;2012-09-27T09:34:20+02:00;POW;2469;Katowice;;;NZN;0.00000000000;;;6        NZN;;2020/12/09;16464.00000000000;0000000000EGIB;2469;;;0.00000000000;13885.00000000000;0.00000000000;829257;UZG;;AKTUALNY;;
PL.PZGIK.200;b3f597d6-5b12-4eb9-8695-d69dcae8c60c;2012-09-27T09:34:20+02:00;POW;2468;Jaworzno;;;NZN;0.00000000000;;;6        NZN;;2020/12/09;15259.00000000000;0000000000EGIB;2468;;;0.00000000000;13885.00000000000;0.00000000000;829258;UZG;;AKTUALNY;;
PL.PZGIK.200;224e1aa2-5aa3-458f-a4ad-e8a58eff97e9;2012-09-27T09:34:20+02:00;POW;2470;Mys³owice;;;NZN;0.00000000000;;;6        NZN;;2020/12/09;6562.00000000000;0000000000EGIB;2470;;;0.00000000000;13885.00000000000;0.00000000000;829259;UZG;;AKTUALNY;;
PL.PZGIK.200;f72dfd05-0e4f-4807-adf9-906de2e85792;2012-09-27T09:34:20+02:00;POW;2473;Rybnik;;;NZN;0.00000000000;;1899/12/30;6        NZN;;2020/12/09;14836.00000000000;0000000000EGIB;2473;;;0.00000000000;13885.00000000000;0.00000000000;829260;UZG;;AKTUALNY;;
PL.PZGIK.200;5843830c-815a-4041-b7f8-df201b35fd79;2012-09-27T09:32:07+02:00;POW;2613;w³oszczowski;;;NZN;0.00000000000;;;6        NZN;;2020/12/09;90786.00000000000;0000000000EGIB;2613;;;0.00000000000;13883.00000000000;0.00000000000;829213;UZG;;AKTUALNY;;
PL.PZGIK.200;74f7c12c-8a86-4ed0-90c7-d846bc147452;2012-09-27T09:32:07+02:00;POW;2608;piñczowski;;;NZN;0.00000000000;;;6        NZN;;2020/12/09;61285.00000000000;0000000000EGIB;2608;;;0.00000000000;13883.00000000000;0.00000000000;829208;UZG;;AKTUALNY;;
PL.PZGIK.200;1846e6d9-3e9c-4328-a203-d6d4ccd61aa2;2012-09-27T09:32:07+02:00;POW;2609;sandomierski;;;NZN;0.00000000000;;;6        NZN;;2020/12/09;67589.00000000000;0000000000EGIB;2609;;;0.00000000000;13883.00000000000;0.00000000000;829209;UZG;;AKTUALNY;;
PL.PZGIK.200;ae1e1f27-6672-45cc-8bc6-eb93e0ad2dca;2012-09-27T09:32:07+02:00;POW;2603;kazimierski;;;NZN;0.00000000000;;;6        NZN;;2020/12/09;42218.00000000000;0000000000EGIB;2603;;;0.00000000000;13883.00000000000;0.00000000000;829203;UZG;;AKTUALNY;;
PL.PZGIK.200;d2d289f5-eb4f-47ce-9639-aaa875bb340b;2012-09-27T09:32:07+02:00;POW;2661;Kielce;;;NZN;0.00000000000;;;6        NZN;;2020/12/09;10965.00000000000;0000000000EGIB;2661;;;0.00000000000;13883.00000000000;0.00000000000;829214;UZG;;AKTUALNY;;
PL.PZGIK.200;b223bd08-4fe5-4456-8797-8eb39bfbd775;2012-09-27T09:32:07+02:00;POW;2604;kielecki;;;NZN;0.00000000000;;;6        NZN;;2020/12/09;224607.00000000000;0000000000EGIB;2604;;;0.00000000000;13883.00000000000;0.00000000000;829204;UZG;;AKTUALNY;;
PL.PZGIK.200;07dacb68-acb7-458b-ba52-81a79204b9da;2012-09-27T09:32:07+02:00;POW;2611;starachowicki;;;NZN;0.00000000000;;;6        NZN;;2020/12/09;52341.00000000000;0000000000EGIB;2611;;;0.00000000000;13883.00000000000;0.00000000000;829211;UZG;;AKTUALNY;;
PL.PZGIK.200;937499d5-78c0-4b1b-a5d9-c6bdbea99aa2;2012-09-27T09:32:07+02:00;POW;2601;buski;;;NZN;0.00000000000;;;6        NZN;;2020/12/09;96800.00000000000;0000000000EGIB;2601;;;0.00000000000;13883.00000000000;0.00000000000;829201;UZG;;AKTUALNY;;
PL.PZGIK.200;b1b716f1-de0e-40bd-864d-abdee31f32b5;2012-09-27T09:32:07+02:00;POW;2612;staszowski;;;NZN;0.00000000000;;;6        NZN;;2020/12/09;92480.00000000000;0000000000EGIB;2612;;;0.00000000000;13883.00000000000;0.00000000000;829212;UZG;;AKTUALNY;;
PL.PZGIK.200;2f19b6ae-b7d4-4596-9934-ca60034d6207;2012-09-27T09:32:07+02:00;POW;2605;konecki;;;NZN;0.00000000000;;;6        NZN;;2020/12/09;113972.00000000000;0000000000EGIB;2605;;;0.00000000000;13883.00000000000;0.00000000000;829205;UZG;;AKTUALNY;;
PL.PZGIK.200;6c31ebe8-0f8a-49ee-ba2d-caa0bccfd006;2012-09-27T09:32:07+02:00;POW;2606;opatowski;;;NZN;0.00000000000;;;6        NZN;;2020/12/09;91090.00000000000;0000000000EGIB;2606;;;0.00000000000;13883.00000000000;0.00000000000;829206;UZG;;AKTUALNY;;
PL.PZGIK.200;2c76d255-52fc-4e03-84c4-ea9d923212b2;2012-09-27T09:32:07+02:00;POW;2602;jêdrzejowski;;;NZN;0.00000000000;;;6        NZN;;2020/12/09;125696.00000000000;0000000000EGIB;2602;;;0.00000000000;13883.00000000000;0.00000000000;829202;UZG;;AKTUALNY;;
PL.PZGIK.200;ed6f3a39-6e8b-469b-af2c-d6048d894480;2012-09-27T09:32:07+02:00;POW;2607;ostrowiecki;;;NZN;0.00000000000;;;6        NZN;;2020/12/09;61678.00000000000;0000000000EGIB;2607;;;0.00000000000;13883.00000000000;0.00000000000;829207;UZG;;AKTUALNY;;
PL.PZGIK.200;2e081013-33e6-408d-be60-cb22c1564176;2012-09-27T09:32:07+02:00;POW;2610;skar¿yski;;;NZN;0.00000000000;;;6        NZN;;2020/12/09;39543.00000000000;0000000000EGIB;2610;;;0.00000000000;13883.00000000000;0.00000000000;829210;UZG;;AKTUALNY;;
PL.PZGIK.200;f788737b-a599-4e78-b366-8abf32d41060;2012-09-27T10:00:59+02:00;POW;2813;olecki;;;NZN;0.00000000000;;;6        NZN;;2020/12/09;87360.00000000000;0000000000EGIB;2813;;;0.00000000000;13886.00000000000;0.00000000000;829280;UZG;;AKTUALNY;;
PL.PZGIK.200;b4fb673d-472a-45bf-9bed-f6d43a89d0b8;2012-09-27T10:00:59+02:00;POW;2814;olsztyñski;;;NZN;0.00000000000;;;6        NZN;;2020/12/09;283802.00000000000;0000000000EGIB;2814;;;0.00000000000;13886.00000000000;0.00000000000;829281;UZG;;AKTUALNY;;
PL.PZGIK.200;72e9ea69-9dfa-4360-8678-8ca1aeb7f591;2012-09-27T10:00:59+02:00;POW;2816;piski;;;NZN;0.00000000000;;;6        NZN;;2020/12/09;177458.00000000000;0000000000EGIB;2816;;;0.00000000000;13886.00000000000;0.00000000000;829282;UZG;;AKTUALNY;;
PL.PZGIK.200;b6c43f52-16e0-4cc8-a429-a1b22a1ad23e;2012-09-27T10:00:59+02:00;POW;2815;ostródzki;;;NZN;0.00000000000;;;6        NZN;;2020/12/09;176629.00000000000;0000000000EGIB;2815;;;0.00000000000;13886.00000000000;0.00000000000;829283;UZG;;AKTUALNY;;
PL.PZGIK.200;3b051d89-3e32-433e-9979-b011d9ff7237;2012-09-27T10:00:59+02:00;POW;2817;szczycieñski;;;NZN;0.00000000000;;;6        NZN;;2020/12/09;193321.00000000000;0000000000EGIB;2817;;;0.00000000000;13886.00000000000;0.00000000000;829284;UZG;;AKTUALNY;;
PL.PZGIK.200;057ba56e-c91d-4a38-b043-f7cf28024476;2012-09-27T10:00:59+02:00;POW;2818;go³dapski;;;NZN;0.00000000000;;;6        NZN;;2020/12/09;77229.00000000000;0000000000EGIB;2818;;;0.00000000000;13886.00000000000;0.00000000000;829285;UZG;;AKTUALNY;;
PL.PZGIK.200;78e43ff2-3a0c-497c-ba06-95f283fc066c;2012-09-27T10:00:59+02:00;POW;2819;wêgorzewski;;;NZN;0.00000000000;;;6        NZN;;2020/12/09;69322.00000000000;0000000000EGIB;2819;;;0.00000000000;13886.00000000000;0.00000000000;829286;UZG;;AKTUALNY;;
PL.PZGIK.200;7a30b48f-743c-4d8c-8305-a749888364ad;2012-09-27T10:00:59+02:00;POW;2861;Elbl¹g;;;NZN;0.00000000000;;;6        NZN;;2020/12/09;7982.00000000000;0000000000EGIB;2861;;;0.00000000000;13886.00000000000;0.00000000000;829287;UZG;;AKTUALNY;;
PL.PZGIK.200;1b9e0413-b851-4637-93ab-bdd05f03055b;2012-09-27T10:00:59+02:00;POW;2862;Olsztyn;;;NZN;0.00000000000;;;6        NZN;;2020/12/09;8833.00000000000;0000000000EGIB;2862;;;0.00000000000;13886.00000000000;0.00000000000;829288;UZG;;AKTUALNY;;
PL.PZGIK.200;61a0d267-58aa-4f3a-86e7-faa281e50ebc;2012-09-27T10:00:59+02:00;POW;2804;elbl¹ski;;;NZN;0.00000000000;;;6        NZN;;2020/12/09;141558.00000000000;0000000000EGIB;2804;;;0.00000000000;13886.00000000000;0.00000000000;829271;UZG;;AKTUALNY;;
PL.PZGIK.200;171c7527-7107-4f75-838e-ca9a158c9814;2012-09-27T10:00:59+02:00;POW;2801;bartoszycki;;;NZN;0.00000000000;;;6        NZN;;2020/12/09;130749.00000000000;0000000000EGIB;2801;;;0.00000000000;13886.00000000000;0.00000000000;829289;UZG;;AKTUALNY;;
PL.PZGIK.200;832b4c61-0103-4c7d-b2f1-d53c829f715b;2012-09-27T10:00:59+02:00;POW;2805;e³cki;;;NZN;0.00000000000;;;6        NZN;;2020/12/09;111279.00000000000;0000000000EGIB;2805;;;0.00000000000;13886.00000000000;0.00000000000;829272;UZG;;AKTUALNY;;
PL.PZGIK.200;c30a8930-5d33-4129-9d64-f227367db167;2012-09-27T10:00:59+02:00;POW;2802;braniewski;;;NZN;0.00000000000;;;6        NZN;;2020/12/09;120165.00000000000;0000000000EGIB;2802;;;0.00000000000;13886.00000000000;0.00000000000;829290;UZG;;AKTUALNY;;
PL.PZGIK.200;30a27a14-3617-4e3d-b7ab-9b202199b4f9;2012-09-27T10:00:59+02:00;POW;2803;dzia³dowski;;;NZN;0.00000000000;;;6        NZN;;2020/12/09;95393.00000000000;0000000000EGIB;2803;;;0.00000000000;13886.00000000000;0.00000000000;829291;UZG;;AKTUALNY;;
PL.PZGIK.200;82f6f81b-69b4-4dce-a00b-b43c614e3366;2012-09-27T10:00:59+02:00;POW;2806;gi¿ycki;;;NZN;0.00000000000;;;6        NZN;;2020/12/09;111951.00000000000;0000000000EGIB;2806;;;0.00000000000;13886.00000000000;0.00000000000;829273;UZG;;AKTUALNY;;
PL.PZGIK.200;bdb43311-4acc-483f-94db-fe66484f926d;2012-09-27T10:00:59+02:00;POW;2807;i³awski;;;NZN;0.00000000000;;;6        NZN;;2020/12/09;138522.00000000000;0000000000EGIB;2807;;;0.00000000000;13886.00000000000;0.00000000000;829274;UZG;;AKTUALNY;;
PL.PZGIK.200;ee2fa061-ef25-497b-a93a-a7aebd46b083;2012-09-27T10:00:59+02:00;POW;2808;kêtrzyñski;;;NZN;0.00000000000;;;6        NZN;;2020/12/09;121299.00000000000;0000000000EGIB;2808;;;0.00000000000;13886.00000000000;0.00000000000;829275;UZG;;AKTUALNY;;
PL.PZGIK.200;ae7980f6-4c68-43f8-bd98-9a635a836d03;2012-09-27T10:00:59+02:00;POW;2809;lidzbarski;;;NZN;0.00000000000;;;6        NZN;;2020/12/09;92500.00000000000;0000000000EGIB;2809;;;0.00000000000;13886.00000000000;0.00000000000;829276;UZG;;AKTUALNY;;
PL.PZGIK.200;6c84dd73-1b20-4e96-a5f5-fce0c02ce651;2012-09-27T10:00:59+02:00;POW;2810;mr¹gowski;;;NZN;0.00000000000;;;6        NZN;;2020/12/09;106538.00000000000;0000000000EGIB;2810;;;0.00000000000;13886.00000000000;0.00000000000;829277;UZG;;AKTUALNY;;
PL.PZGIK.200;89b05bec-1389-4435-9f6c-dcccbabeb228;2012-09-27T10:00:59+02:00;POW;2811;nidzicki;;;NZN;0.00000000000;;;6        NZN;;2020/12/09;96064.00000000000;0000000000EGIB;2811;;;0.00000000000;13886.00000000000;0.00000000000;829278;UZG;;AKTUALNY;;
PL.PZGIK.200;e42c631c-498e-4109-b6f4-a4f6fd2fedea;2012-09-27T10:00:59+02:00;POW;2812;nowomiejski;;;NZN;0.00000000000;;;6        NZN;;2020/12/09;69393.00000000000;0000000000EGIB;2812;;;0.00000000000;13886.00000000000;0.00000000000;829279;UZG;;AKTUALNY;;
PL.PZGIK.200;bc0136fd-720b-4f2b-8880-f08dbe76b7d2;2012-09-27T08:59:03+02:00;POW;3008;kêpiñski;;;NZN;0.00000000000;;;6        NZN;;2020/12/09;60826.00000000000;0000000000EGIB;3008;;;0.00000000000;13881.00000000000;0.00000000000;829179;UZG;;AKTUALNY;;
PL.PZGIK.200;06a4a975-dc89-4ac3-9d51-cf188532908a;2012-09-27T08:59:03+02:00;POW;3009;kolski;;;NZN;0.00000000000;;;6        NZN;;2020/12/09;101071.00000000000;0000000000EGIB;3009;;;0.00000000000;13881.00000000000;0.00000000000;829180;UZG;;AKTUALNY;;
PL.PZGIK.200;506e235c-2b59-4e2a-ab82-bf295e7449f5;2012-09-27T08:59:03+02:00;POW;3015;nowotomyski;;;NZN;0.00000000000;;;6        NZN;;2020/12/09;101362.00000000000;0000000000EGIB;3015;;;0.00000000000;13881.00000000000;0.00000000000;829153;UZG;;AKTUALNY;;
PL.PZGIK.200;fc6420ba-6333-4fef-af46-cbe613e81444;2012-09-27T08:59:03+02:00;POW;3016;obornicki;;;NZN;0.00000000000;;;6        NZN;;2020/12/09;71104.00000000000;0000000000EGIB;3016;;;0.00000000000;13881.00000000000;0.00000000000;829154;UZG;;AKTUALNY;;
PL.PZGIK.200;742efa61-e70d-4f3c-8114-ac3bf33d6d19;2012-09-27T08:59:03+02:00;POW;3013;leszczyñski;;;NZN;0.00000000000;;;6        NZN;;2020/12/09;80581.00000000000;0000000000EGIB;3013;;;0.00000000000;13881.00000000000;0.00000000000;829151;UZG;;AKTUALNY;;
PL.PZGIK.200;5a132da9-151c-40d5-8bf7-b2920bf19960;2012-09-27T08:59:03+02:00;POW;3014;miêdzychodzki;;;NZN;0.00000000000;;;6        NZN;;2020/12/09;73644.00000000000;0000000000EGIB;3014;;;0.00000000000;13881.00000000000;0.00000000000;829152;UZG;;AKTUALNY;;
PL.PZGIK.200;8cde1c44-4964-43be-8faf-e2eb0c33c371;2012-09-27T08:59:03+02:00;POW;3010;koniñski;;;NZN;0.00000000000;;;6        NZN;;2020/12/09;157835.00000000000;0000000000EGIB;3010;;;0.00000000000;13881.00000000000;0.00000000000;829181;UZG;;AKTUALNY;;
PL.PZGIK.200;e1a22799-6f8a-4895-a68d-80d8609442be;2012-09-27T08:59:03+02:00;POW;3011;koœciañski;;;NZN;0.00000000000;;;6        NZN;;2020/12/09;72242.00000000000;0000000000EGIB;3011;;;0.00000000000;13881.00000000000;0.00000000000;829182;UZG;;AKTUALNY;;
PL.PZGIK.200;196c6cd5-4f8d-4e98-a653-e0a36ccac728;2012-09-27T08:59:03+02:00;POW;3019;pilski;;;NZN;0.00000000000;;;6        NZN;;2020/12/09;126821.00000000000;0000000000EGIB;3019;;;0.00000000000;13881.00000000000;0.00000000000;829157;UZG;;AKTUALNY;;
PL.PZGIK.200;79b9bef2-0ca5-413e-954c-fa6e3ad10210;2012-09-27T08:59:03+02:00;POW;3027;turecki;;;NZN;0.00000000000;;;6        NZN;;2020/12/09;92943.00000000000;0000000000EGIB;3027;;;0.00000000000;13881.00000000000;0.00000000000;829165;UZG;;AKTUALNY;;
PL.PZGIK.200;1f95f92e-8779-49c4-94d7-d9139d526841;2012-09-27T08:59:03+02:00;POW;3028;w¹growiecki;;;NZN;0.00000000000;;;6        NZN;;2020/12/09;103965.00000000000;0000000000EGIB;3028;;;0.00000000000;13881.00000000000;0.00000000000;829166;UZG;;AKTUALNY;;
PL.PZGIK.200;b2e00ebb-412b-4ae8-9afc-fe68f65bb1ac;2012-09-27T08:59:03+02:00;POW;3002;czarnkowsko-trzcianecki;;;NZN;0.00000000000;;;6        NZN;;2020/12/09;180605.00000000000;0000000000EGIB;3002;;;0.00000000000;13881.00000000000;0.00000000000;829150;UZG;;AKTUALNY;;
PL.PZGIK.200;64f2809b-6e04-4a33-8955-ed5f4a85c0a1;2012-09-27T08:59:03+02:00;POW;3017;ostrowski;;;NZN;0.00000000000;;;6        NZN;;2020/12/09;116012.00000000000;0000000000EGIB;3017;;;0.00000000000;13881.00000000000;0.00000000000;829155;UZG;;AKTUALNY;;
PL.PZGIK.200;f5c4ac99-7db7-4d8d-a453-e88e9942fbad;2012-09-27T08:59:03+02:00;POW;3021;poznañski;;;NZN;0.00000000000;;;6        NZN;;2020/12/09;189988.00000000000;0000000000EGIB;3021;;;0.00000000000;13881.00000000000;0.00000000000;829159;UZG;;AKTUALNY;;
PL.PZGIK.200;89407dcb-ccb2-4c9c-9de7-fa519c5bcbcb;2012-09-27T08:59:03+02:00;POW;3005;grodziski;;;NZN;0.00000000000;;;6        NZN;;2020/12/09;64187.00000000000;0000000000EGIB;3005;;;0.00000000000;13881.00000000000;0.00000000000;829176;UZG;;AKTUALNY;;
PL.PZGIK.200;6f988fb3-2b2c-467e-9d07-c512d9215c05;2013-07-09T11:04:17+02:00;POW;3029;wolsztyñski;;;NZN;0.00000000000;;;6        NZN;;;67973.00000000000;0000000000EGIB;3029;;;0.00000000000;0.00000000000;14890.00000000000;829167;UZG;;AKTUALNY;;
PL.PZGIK.200;e6ff6666-2410-4a42-a3df-de1089b6f511;2012-09-27T08:59:03+02:00;POW;3030;wrzesiñski;;;NZN;0.00000000000;;;6        NZN;;2020/12/09;70357.00000000000;0000000000EGIB;3030;;;0.00000000000;13881.00000000000;0.00000000000;829168;UZG;;AKTUALNY;;
PL.PZGIK.200;8ea3e60d-111c-4d1c-8867-81924a9f6804;2012-09-27T08:59:03+02:00;POW;3022;rawicki;;;NZN;0.00000000000;;;6        NZN;;2020/12/09;55352.00000000000;0000000000EGIB;3022;;;0.00000000000;13881.00000000000;0.00000000000;829160;UZG;;AKTUALNY;;
PL.PZGIK.200;c387b2d6-0b22-41cf-91ef-dd6a24f0bb07;2012-09-27T08:59:03+02:00;POW;3024;szamotulski;;;NZN;0.00000000000;;;6        NZN;;2020/12/09;111929.00000000000;0000000000EGIB;3024;;;0.00000000000;13881.00000000000;0.00000000000;829161;UZG;;AKTUALNY;;
PL.PZGIK.200;16fa8cbd-c6d4-4b37-a629-c20bdc3e2249;2012-09-27T08:59:03+02:00;POW;3031;z³otowski;;;NZN;0.00000000000;;;6        NZN;;2020/12/09;166017.00000000000;0000000000EGIB;3031;;;0.00000000000;13881.00000000000;0.00000000000;829169;UZG;;AKTUALNY;;
PL.PZGIK.200;dc54ce6a-5272-45fc-a49c-824dbf170f2c;2012-09-27T08:59:03+02:00;POW;3012;krotoszyñski;;;NZN;0.00000000000;;;6        NZN;;2020/12/09;71368.00000000000;0000000000EGIB;3012;;;0.00000000000;13881.00000000000;0.00000000000;829183;UZG;;AKTUALNY;;
PL.PZGIK.200;bc05adcf-3a4b-4281-8e7c-f9b2321fa1ed;2012-09-27T08:59:03+02:00;POW;3023;s³upecki;;;NZN;0.00000000000;;;6        NZN;;2020/12/09;83801.00000000000;0000000000EGIB;3023;;;0.00000000000;13881.00000000000;0.00000000000;829162;UZG;;AKTUALNY;;
PL.PZGIK.200;47f828a2-55c1-4fc4-9a24-e08f45066464;2012-09-27T08:59:03+02:00;POW;3064;Poznañ;;;NZN;0.00000000000;;;6        NZN;;2020/12/09;26191.00000000000;0000000000EGIB;3064;;;0.00000000000;13881.00000000000;0.00000000000;829173;UZG;;AKTUALNY;;
PL.PZGIK.200;9d8be336-ec60-484e-a218-bd6a57c56b5c;2012-09-27T08:59:03+02:00;POW;3003;gnieŸnieñski;;;NZN;0.00000000000;;;6        NZN;;2020/12/09;125503.00000000000;0000000000EGIB;3003;;;0.00000000000;13881.00000000000;0.00000000000;829174;UZG;;AKTUALNY;;
PL.PZGIK.200;384127c3-0f18-4323-8a7c-a824f4bfb32d;2013-07-10T11:27:19+02:00;POW;3006;jarociñski;;;NZN;0.00000000000;;;6        NZN;;;58729.00000000000;0000000000EGIB;3006;;;0.00000000000;0.00000000000;14952.00000000000;829177;UZG;;AKTUALNY;;
PL.PZGIK.200;df99672f-a692-4465-8220-a70996ebb8e7;2013-07-10T11:27:19+02:00;POW;3020;pleszewski;;;NZN;0.00000000000;;;6        NZN;;;71307.00000000000;0000000000EGIB;3020;;;0.00000000000;0.00000000000;14952.00000000000;829158;UZG;;AKTUALNY;;
PL.PZGIK.200;a84ca93c-4ad8-494d-95a7-8b1a8c4d4517;2012-09-27T08:59:03+02:00;POW;3007;kaliski;;;NZN;0.00000000000;;;6        NZN;;2020/12/09;115999.00000000000;0000000000EGIB;3007;;;0.00000000000;13881.00000000000;0.00000000000;829178;UZG;;AKTUALNY;;
PL.PZGIK.200;7deef161-a961-4586-bc10-8b4861c9f7f6;2012-09-27T08:59:03+02:00;POW;3025;œredzki;;;NZN;0.00000000000;;;6        NZN;;2020/12/09;62386.00000000000;0000000000EGIB;3025;;;0.00000000000;13881.00000000000;0.00000000000;829163;UZG;;AKTUALNY;;
PL.PZGIK.200;2fc58bb6-d095-4f37-8f10-874797cb97fb;2012-09-27T08:59:03+02:00;POW;3026;œremski;;;NZN;0.00000000000;;;6        NZN;;2020/12/09;57410.00000000000;0000000000EGIB;3026;;;0.00000000000;13881.00000000000;0.00000000000;829164;UZG;;AKTUALNY;;
PL.PZGIK.200;e910b6e5-bd32-4713-9539-90179a2c8d2e;2012-09-27T08:59:03+02:00;POW;3061;Kalisz;;;NZN;0.00000000000;;;6        NZN;;2020/12/09;6942.00000000000;0000000000EGIB;3061;;;0.00000000000;13881.00000000000;0.00000000000;829170;UZG;;AKTUALNY;;
PL.PZGIK.200;e6251736-02a5-4ed4-b86a-8e6f106d9384;2012-09-27T08:59:03+02:00;POW;3062;Konin;;;NZN;0.00000000000;;;6        NZN;;2020/12/09;8220.00000000000;0000000000EGIB;3062;;;0.00000000000;13881.00000000000;0.00000000000;829171;UZG;;AKTUALNY;;
PL.PZGIK.200;9412ef04-6c6b-448a-9f10-c15e17808f12;2012-09-27T08:59:03+02:00;POW;3001;chodzieski;;;NZN;0.00000000000;;;6        NZN;;2020/12/09;68506.00000000000;0000000000EGIB;3001;;;0.00000000000;13881.00000000000;0.00000000000;829149;UZG;;AKTUALNY;;
PL.PZGIK.200;ffd85c8f-62a0-4e49-8d0f-f462fa7d1020;2012-09-27T08:59:03+02:00;POW;3004;gostyñski;;;NZN;0.00000000000;;;6        NZN;;2020/12/09;81025.00000000000;0000000000EGIB;3004;;;0.00000000000;13881.00000000000;0.00000000000;829175;UZG;;AKTUALNY;;
PL.PZGIK.200;79a80ae4-6ccf-4435-bf14-8a92a75a3fe4;2012-09-27T08:59:03+02:00;POW;3018;ostrzeszowski;;;NZN;0.00000000000;;;6        NZN;;2020/12/09;77263.00000000000;0000000000EGIB;3018;;;0.00000000000;13881.00000000000;0.00000000000;829156;UZG;;AKTUALNY;;
PL.PZGIK.200;5428dbc9-d8cd-4c70-8562-a67ce2f3e5d8;2012-09-27T08:59:03+02:00;POW;3063;Leszno;;;NZN;0.00000000000;;;6        NZN;;2020/12/09;3186.00000000000;0000000000EGIB;3063;;;0.00000000000;13881.00000000000;0.00000000000;829172;UZG;;AKTUALNY;;
PL.PZGIK.200;17d1a859-cb58-476e-9baa-f2cb36688e05;2012-09-27T10:07:22+02:00;POW;3206;gryfiñski;;;NZN;0.00000000000;;;6        NZN;;2020/12/09;186911.00000000000;0000000000EGIB;3206;;;0.00000000000;13887.00000000000;0.00000000000;829298;UZG;;AKTUALNY;;
PL.PZGIK.200;c37bd998-ab49-436d-8b00-f783df29346e;2012-09-27T10:07:22+02:00;POW;3211;policki;;;NZN;0.00000000000;;;6        NZN;;2020/12/09;66533.00000000000;0000000000EGIB;3211;;;0.00000000000;13887.00000000000;0.00000000000;829302;UZG;;AKTUALNY;;
PL.PZGIK.200;cb15d438-7255-4433-9c75-89c68944956c;2012-09-27T10:07:22+02:00;POW;3208;ko³obrzeski;;;NZN;0.00000000000;;;6        NZN;;2020/12/09;72466.00000000000;0000000000EGIB;3208;;;0.00000000000;13887.00000000000;0.00000000000;829299;UZG;;AKTUALNY;;
PL.PZGIK.200;26a963f2-7949-44c6-9090-835927aaa19b;2012-09-27T10:07:22+02:00;POW;3261;Koszalin;;;NZN;0.00000000000;;;6        NZN;;2020/12/09;9834.00000000000;0000000000EGIB;3261;;;0.00000000000;13887.00000000000;0.00000000000;829311;UZG;;AKTUALNY;;
PL.PZGIK.200;0524e545-228b-4b68-80f8-cdf69528a59f;2012-09-27T10:07:22+02:00;POW;3262;Szczecin;;;NZN;0.00000000000;;;6        NZN;;2020/12/09;30060.00000000000;0000000000EGIB;3262;;;0.00000000000;13887.00000000000;0.00000000000;829312;UZG;;AKTUALNY;;
PL.PZGIK.200;70c52407-979d-44b2-aa7b-90fe83cb3a71;2012-09-27T10:07:22+02:00;POW;3217;wa³ecki;;;NZN;0.00000000000;;;6        NZN;;2020/12/09;141498.00000000000;0000000000EGIB;3217;;;0.00000000000;13887.00000000000;0.00000000000;829308;UZG;;AKTUALNY;;
PL.PZGIK.200;2963177a-d9bc-4ceb-a68d-d83150a65edb;2012-09-27T10:07:22+02:00;POW;3218;³obeski;;;NZN;0.00000000000;;;6        NZN;;2020/12/09;106513.00000000000;0000000000EGIB;3218;;;0.00000000000;13887.00000000000;0.00000000000;829309;UZG;;AKTUALNY;;
PL.PZGIK.200;8e8009b0-9e3e-41b7-a236-ed8b2e31ca0b;2012-09-27T10:07:22+02:00;POW;3263;Œwinoujœcie;;;NZN;0.00000000000;;;6        NZN;;2020/12/09;19723.00000000000;0000000000EGIB;3263;;;0.00000000000;13887.00000000000;0.00000000000;829310;UZG;;AKTUALNY;;
PL.PZGIK.200;50fe0ae9-37af-4daa-ba99-a6864c4c34dc;2012-09-27T10:07:22+02:00;POW;3212;pyrzycki;;;NZN;0.00000000000;;;6        NZN;;2020/12/09;72600.00000000000;0000000000EGIB;3212;;;0.00000000000;13887.00000000000;0.00000000000;829303;UZG;;AKTUALNY;;
PL.PZGIK.200;e7df1d0c-30d0-4e31-9ce5-af88ca2302f5;2012-09-27T10:07:22+02:00;POW;3213;s³awieñski;;;NZN;0.00000000000;;;6        NZN;;2020/12/09;104320.00000000000;0000000000EGIB;3213;;;0.00000000000;13887.00000000000;0.00000000000;829304;UZG;;AKTUALNY;;
PL.PZGIK.200;fc0bca5a-2158-46aa-8904-d8583c5ac4ef;2012-09-27T10:07:22+02:00;POW;3215;szczecinecki;;;NZN;0.00000000000;;;6        NZN;;2020/12/09;176542.00000000000;0000000000EGIB;3215;;;0.00000000000;13887.00000000000;0.00000000000;829306;UZG;;AKTUALNY;;
PL.PZGIK.200;1a76269e-3e01-40fd-a39b-b5e35a325f9b;2012-09-27T10:07:22+02:00;POW;3216;œwidwiñski;;;NZN;0.00000000000;;;6        NZN;;2020/12/09;109306.00000000000;0000000000EGIB;3216;;;0.00000000000;13887.00000000000;0.00000000000;829307;UZG;;AKTUALNY;;
PL.PZGIK.200;b832e274-346c-4551-b312-80aa8ccfd59b;2012-09-27T10:07:22+02:00;POW;3214;stargardzki;;;NZN;0.00000000000;;;6        NZN;;2020/12/09;151994.00000000000;0000000000EGIB;3214;;;0.00000000000;13887.00000000000;0.00000000000;829305;UZG;;AKTUALNY;;
PL.PZGIK.200;652f6c52-e721-4c44-818a-94061386603b;2012-09-27T10:07:22+02:00;POW;3209;koszaliñski;;;NZN;0.00000000000;;;6        NZN;;2020/12/09;165346.00000000000;0000000000EGIB;3209;;;0.00000000000;13887.00000000000;0.00000000000;829300;UZG;;AKTUALNY;;
PL.PZGIK.200;f6f1a1e7-a8df-4d76-8488-8095d935edfe;2012-09-27T10:07:22+02:00;POW;3201;bia³ogardzki;;;NZN;0.00000000000;;;6        NZN;;2020/12/09;84546.00000000000;0000000000EGIB;3201;;;0.00000000000;13887.00000000000;0.00000000000;829292;UZG;;AKTUALNY;;
PL.PZGIK.200;32d43ea6-09e7-4118-b8a8-dbab953ee72a;2012-09-27T10:07:22+02:00;POW;3202;choszczeñski;;;NZN;0.00000000000;;;6        NZN;;2020/12/09;132763.00000000000;0000000000EGIB;3202;;;0.00000000000;13887.00000000000;0.00000000000;829293;UZG;;AKTUALNY;;
PL.PZGIK.200;9043964d-c042-4fd3-af34-9b4462f23484;2012-09-27T10:07:22+02:00;POW;3204;goleniowski;;;NZN;0.00000000000;;;6        NZN;;2020/12/09;161548.00000000000;0000000000EGIB;3204;;;0.00000000000;13887.00000000000;0.00000000000;829294;UZG;;AKTUALNY;;
PL.PZGIK.200;3035e433-0a64-4d6e-8d21-c2d38762586c;2012-09-27T10:07:22+02:00;POW;3203;drawski;;;NZN;0.00000000000;;;6        NZN;;2020/12/09;176424.00000000000;0000000000EGIB;3203;;;0.00000000000;13887.00000000000;0.00000000000;829295;UZG;;AKTUALNY;;
PL.PZGIK.200;e687adb2-d4e9-41cf-ba09-fd494ecaf3db;2012-09-27T10:07:22+02:00;POW;3205;gryficki;;;NZN;0.00000000000;;;6        NZN;;2020/12/09;101737.00000000000;0000000000EGIB;3205;;;0.00000000000;13887.00000000000;0.00000000000;829296;UZG;;AKTUALNY;;
PL.PZGIK.200;8fd0edf8-7086-41cd-a817-8e5e66a22d3e;2012-09-27T10:07:22+02:00;POW;3207;kamieñski;;;NZN;0.00000000000;;;6        NZN;;2020/12/09;100344.00000000000;0000000000EGIB;3207;;;0.00000000000;13887.00000000000;0.00000000000;829297;UZG;;AKTUALNY;;
PL.PZGIK.200;bf9906d2-91eb-4911-8ce0-8c8f3ea1986b;2012-09-27T10:07:22+02:00;POW;3210;myœliborski;;;NZN;0.00000000000;;;6        NZN;;2020/12/09;118240.00000000000;0000000000EGIB;3210;;;0.00000000000;13887.00000000000;0.00000000000;829301;UZG;;AKTUALNY;;
PL.PZGIK.200;9d05c08b-4dda-4103-8a71-b6d57a91275b;2012-09-27T09:33:51+02:00;POW;2211;pucki;;;NZN;0.00000000000;;;6        NZN;;2020/12/09;;0000000000EGIB;2211;;;0.00000000000;13884.00000000000;0.00000000000;829225;UZG;;AKTUALNY;;
PL.PZGIK.200;c2d26b98-7beb-464c-b95a-f466e058aa4f;2012-09-27T09:33:51+02:00;POW;2215;wejherowski;;;NZN;0.00000000000;;;6        NZN;;2020/12/09;;0000000000EGIB;2215;;;0.00000000000;13884.00000000000;0.00000000000;829230;UZG;;AKTUALNY;;
PL.PZGIK.200;4e7f9b56-cf2e-4d2a-86f1-d8a841b976bf;2012-09-27T09:33:51+02:00;POW;2262;Gdynia;;;NZN;0.00000000000;;;6        NZN;;2020/12/09;;0000000000EGIB;2262;;;0.00000000000;13884.00000000000;0.00000000000;829233;UZG;;AKTUALNY;;
PL.PZGIK.200;60ce8df5-82b9-47e8-9193-92051c398480;2012-09-27T09:33:51+02:00;POW;2264;Sopot;;;NZN;0.00000000000;;;6        NZN;;2020/12/09;;0000000000EGIB;2264;;;0.00000000000;13884.00000000000;0.00000000000;829215;UZG;;AKTUALNY;;
PL.PZGIK.200;0706eee9-51ac-457d-a430-a6a01e217daa;2012-09-27T09:33:51+02:00;POW;2205;kartuski;;;NZN;0.00000000000;;;6        NZN;;2020/12/09;;0000000000EGIB;2205;;;0.00000000000;13884.00000000000;0.00000000000;829221;UZG;;AKTUALNY;;
PL.PZGIK.200;8cf8521f-bd14-4b8b-85f4-bcb444263e72;2012-09-27T09:33:51+02:00;POW;2261;Gdañsk;;;NZN;;;;6        NZN;;;;0000000000EGIB;2261;;;0.00000000000;13884.00000000000;0.00000000000;829232;UZG;;AKTUALNY;;
